name,adname,type,rating,cost
老姑东北人(立涛园店),萧山区,餐饮服务;中餐厅;东北菜,4.9,78
老秦凉都黄牛肉馆(滨江总店),滨江区,餐饮服务;中餐厅;中餐厅,4.9,78
湘香蒸菜馆(湘湖路店),萧山区,餐饮服务;中餐厅;湖南菜(湘菜),4.9,83
老秦凉都黄牛肉馆(萧山店),萧山区,餐饮服务;中餐厅;中餐厅,4.9,83
老秦凉都黄牛肉馆(市心北路店),萧山区,餐饮服务;中餐厅;中餐厅,4.9,85
本分冒菜(元天科技店),滨江区,餐饮服务;快餐厅;快餐厅,4.8,46
荆九爷爆炒桥头三嫩(萧山店),萧山区,餐饮服务;中餐厅;特色/地方风味餐厅,4.8,55
荆九爷爆炒桥头三嫩(滨江店),滨江区,餐饮服务;中餐厅;四川菜(川菜),4.8,55
THREE FINGERS,西湖区,体育休闲服务;娱乐场所;酒吧|餐饮服务;快餐厅;快餐厅,4.8,60
岳阳楼(滨兴小区店),滨江区,餐饮服务;餐饮相关场所;餐饮相关,4.8,62
江渔儿成都冷锅鱼(浙港国际店),西湖区,餐饮服务;中餐厅;中餐厅,4.8,66
荆九爷爆炒桥头三嫩(东站店),上城区,餐饮服务;中餐厅;中餐厅,4.8,67
福泰来(北景园店),拱墅区,餐饮服务;中餐厅;东北菜,4.8,69
小牛滚滚贵州黄牛肉火锅(中财店),滨江区,餐饮服务;中餐厅;火锅店,4.8,71
鸟鸟好吃店·成都土砂锅串串(杭州总店),萧山区,餐饮服务;中餐厅;火锅店,4.8,75
周姐焦烤鸡架·东北烧烤夜宵,滨江区,餐饮服务;中餐厅;中餐厅,4.8,77
阿英川菜馆(丰潭路店),拱墅区,餐饮服务;中餐厅;四川菜(川菜),4.8,80
刘老根·东北烧烤酒场(闻涛观潮店),滨江区,餐饮服务;餐饮相关场所;餐饮相关,4.8,80
老秦凉都黄牛肉馆(星耀城店),滨江区,餐饮服务;中餐厅;中餐厅,4.8,80
周姐焦烤鸡架·东北烧烤夜宵(隆和国际店),滨江区,餐饮服务;餐饮相关场所;餐饮相关,4.8,81
叶老头碳炉草本鸡煲(杭州滨江店),滨江区,餐饮服务;中餐厅;中餐厅,4.8,86
黄龙海鲜大排档(三墩店),西湖区,餐饮服务;中餐厅;海鲜酒楼,4.8,87
金匠寿司(宝龙城店),滨江区,餐饮服务;外国餐厅;日本料理,4.8,89
宽马记大排档·热鲜牛肉海鲜火锅(杭州首店),富阳区,餐饮服务;中餐厅;火锅店,4.8,90
环球渔市,余杭区,餐饮服务;中餐厅;海鲜酒楼,4.8,90
中国凉都黄牛肉馆,余杭区,餐饮服务;中餐厅;中餐厅,4.8,93
照云川菜(萧山店),萧山区,餐饮服务;中餐厅;四川菜(川菜),4.8,96
庆春食堂(国有资本投资大厦店),上城区,餐饮服务;餐饮相关场所;餐饮相关,4.8,97
三两好友深夜食堂钱江世纪城店(焗海鲜·烤乳猪·罗氏虾),萧山区,餐饮服务;中餐厅;中餐厅,4.8,100
重庆四间火锅(杭州首店),滨江区,餐饮服务;餐饮相关场所;餐饮相关,4.7,13
陕西罗家凉皮,上城区,餐饮服务;中餐厅;中餐厅,4.7,19
楠哥煎饺,上城区,餐饮服务;中餐厅;特色/地方风味餐厅,4.7,19
绝美嘉海鲜馄饨(杭州总店),拱墅区,餐饮服务;快餐厅;快餐厅,4.7,23
崔酱,拱墅区,餐饮服务;餐饮相关场所;餐饮相关,4.7,26
郑阿公顺德鸡煲饭双皮奶(东站店),上城区,餐饮服务;中餐厅;中餐厅,4.7,28
郑阿公顺德鸡煲饭双皮奶(八方城店),余杭区,餐饮服务;中餐厅;中餐厅,4.7,28
竹仙制麵·GINZA鶏白汤拉麺(兴耀·星澳商务中心店),滨江区,餐饮服务;餐饮相关场所;餐饮相关,4.7,32
肥悦冒菜,上城区,餐饮服务;中餐厅;中餐厅,4.7,36
郑阿公顺德鸡煲饭双皮奶(滨江宝龙店),滨江区,餐饮服务;中餐厅;中餐厅,4.7,38
三冬麻辣串,余杭区,餐饮服务;中餐厅;中餐厅,4.7,39
满丼肉剧场,拱墅区,餐饮服务;外国餐厅;日本料理,4.7,39
单羊世家·单县羊肉汤(景昙店),上城区,餐饮服务;餐饮相关场所;餐饮相关,4.7,40
咸鱼仔饮食店,滨江区,餐饮服务;中餐厅;中餐厅,4.7,40
如意Teppanyaki,上城区,餐饮服务;餐饮相关场所;餐饮相关,4.7,40
重庆小天鹅麻辣烫(凤起路店),上城区,餐饮服务;中餐厅;特色/地方风味餐厅,4.7,41
复兴面王(河东路店),拱墅区,餐饮服务;快餐厅;快餐厅,4.7,41
后生仔.潮汕小馆(滨江店),滨江区,餐饮服务;中餐厅;中餐厅,4.7,42
111white三白咖啡·西餐(银湖美和院店),富阳区,餐饮服务;餐饮相关场所;餐饮相关,4.7,42
No Coffee無咖,上城区,餐饮服务;咖啡厅;咖啡厅,4.7,43
问疆新疆手抓饭(太平门直街店),上城区,餐饮服务;中餐厅;特色/地方风味餐厅,4.7,45
巷儿里餐厅·杭帮菜(信义坊步行街店),拱墅区,餐饮服务;中餐厅;中餐厅,4.7,45
巷子里湘菜馆(八年湘守),拱墅区,餐饮服务;中餐厅;湖南菜(湘菜),4.7,45
HELLO COFFEE·咖啡,上城区,餐饮服务;咖啡厅;咖啡厅,4.7,45
山野饭堂.融合家常菜(滨江店),滨江区,餐饮服务;中餐厅;四川菜(川菜),4.7,47
颖姐鲜烫牛肉汤(旭辉春江悦茗店),萧山区,餐饮服务;中餐厅;中餐厅,4.7,47
盐蘸牛肉,上城区,餐饮服务;中餐厅;中餐厅,4.7,49
芳芳跷脚牛肉 (高沙店),钱塘区,餐饮服务;中餐厅;中餐厅,4.7,50
孔岳冒菜(临平店),临平区,餐饮服务;中餐厅;中餐厅,4.7,50
小湘村湘菜(滨兴小区东区店),滨江区,餐饮服务;中餐厅;湖南菜(湘菜),4.7,50
大嘴巴湘菜馆·干煸小龙虾(奥体店),萧山区,餐饮服务;中餐厅;湖南菜(湘菜),4.7,50
面屋目一,滨江区,餐饮服务;中餐厅;中餐厅,4.7,50
DaP,上城区,餐饮服务;咖啡厅;咖啡厅,4.7,51
蓝瓶咖啡(杭州万象城店),上城区,餐饮服务;咖啡厅;咖啡厅,4.7,52
荆九爷爆炒桥头三嫩(滨江滨悦城店),滨江区,餐饮服务;中餐厅;中餐厅,4.7,55
荆九爷爆炒桥头三嫩(新天地店),拱墅区,餐饮服务;中餐厅;中餐厅,4.7,55
小菜园新徽菜(杭州东站万象汇店),上城区,餐饮服务;中餐厅;中餐厅,4.7,55
一席地·本地鸡窝(金田店),西湖区,餐饮服务;中餐厅;火锅店,4.7,55
東家猪杂粥覓味馆·干蒸菜(杭州萧杭人家店),萧山区,餐饮服务;中餐厅;中餐厅,4.7,56
马丫东北饭儿(未来科技城店),余杭区,餐饮服务;中餐厅;中餐厅,4.7,56
西湖D11,拱墅区,餐饮服务;中餐厅;综合酒楼,4.7,56
荆九爷爆炒桥头三嫩(下沙店),钱塘区,餐饮服务;中餐厅;中餐厅,4.7,57
湘约屋坎上·土家民族菜·不改湘西味(三花国际总店),上城区,餐饮服务;中餐厅;湖南菜(湘菜),4.7,57
大俺徽地锅鸡(御金台),萧山区,餐饮服务;中餐厅;中餐厅,4.7,57
幸福年铁锅炖熏酱小酒馆(高沙店),钱塘区,餐饮服务;餐饮相关场所;餐饮相关,4.7,57
23号墙门菜,拱墅区,餐饮服务;中餐厅;中餐厅,4.7,58
孔岳冒菜(无忧店),萧山区,餐饮服务;餐饮相关场所;餐饮相关,4.7,58
龍歌自助小火锅(银隆百货A座店),萧山区,餐饮服务;中餐厅;火锅店,4.7,58
孔岳冒菜(彭埠店),上城区,餐饮服务;餐饮相关场所;餐饮相关,4.7,59
山重浪重庆耙火锅(杭州萧山店),萧山区,餐饮服务;中餐厅;火锅店,4.7,59
迎春·东北老菜儿(西湖店),西湖区,餐饮服务;中餐厅;中餐厅,4.7,59
屠夫汉堡(中山北路店),拱墅区,餐饮服务;快餐厅;快餐厅,4.7,59
签约·肆酒撸串·海鲜烧烤季·团建精酿酒馆(滨江店),滨江区,餐饮服务;中餐厅;中餐厅,4.7,60
137烧烤龙虾烤鱼.新疆羊肉串(南大街店),临平区,餐饮服务;中餐厅;特色/地方风味餐厅,4.7,60
老嘎达东北菜(原东北菜馆高沙店),钱塘区,餐饮服务;中餐厅;东北菜,4.7,61
大俺徽地锅鸡(太平门直街),上城区,餐饮服务;中餐厅;中餐厅,4.7,62
杨光姐?东北老家(西湖文化广场店),拱墅区,餐饮服务;中餐厅;中餐厅,4.7,62
荆九爷爆炒桥头三嫩(西溪留下店),西湖区,餐饮服务;中餐厅;中餐厅,4.7,63
大俺徽柴火鸡·地锅鸡(皓月路店),萧山区,餐饮服务;中餐厅;中餐厅,4.7,63
夏大厨铁锅炖·东北菜·烧烤(钱江世纪城店),萧山区,餐饮服务;中餐厅;东北菜,4.7,63
马丫东北饭儿(金昌路店),余杭区,餐饮服务;中餐厅;东北菜,4.7,64
哈尔滨东北家常菜美玲家,钱塘区,餐饮服务;中餐厅;中餐厅,4.7,64
禧满牛贵州黄牛肉馆.干锅火锅(金田店),西湖区,餐饮服务;中餐厅;火锅店,4.7,64
Shake Shack(杭州万象城店),上城区,餐饮服务;快餐厅;快餐厅,4.7,65
烤匠麻辣烤鱼(星光大道店),滨江区,餐饮服务;中餐厅;特色/地方风味餐厅,4.7,65
烤匠麻辣烤鱼(杭州远洋乐堤港店),拱墅区,餐饮服务;中餐厅;特色/地方风味餐厅,4.7,65
老六小炒肉(滨江银泰店),滨江区,餐饮服务;中餐厅;中餐厅,4.7,65
赵府私厨·老杭帮菜(河坊街店),上城区,餐饮服务;中餐厅;中餐厅,4.7,66
广源东北菜(文创大厦店),钱塘区,餐饮服务;中餐厅;东北菜,4.7,66
老地方川菜(元成东盛家园店),钱塘区,餐饮服务;中餐厅;四川菜(川菜),4.7,67
幺妹鱼庄(明星路店),萧山区,餐饮服务;中餐厅;海鲜酒楼,4.7,67
何小姐鲜牛肉火锅(通惠中路店),萧山区,购物服务;服装鞋帽皮具店;服装鞋帽皮具店|餐饮服务;餐饮相关场所;餐饮相关,4.7,67
四季大树底衢州菜(四季青店),上城区,餐饮服务;餐饮相关场所;餐饮相关,4.7,68
東大方(杭州奥体中心店),萧山区,餐饮服务;中餐厅;中餐厅,4.7,68
東大方(杭州金沙湖店),钱塘区,餐饮服务;餐饮相关场所;餐饮相关,4.7,68
東大方(杭州延安路店),拱墅区,餐饮服务;中餐厅;中餐厅,4.7,68
一席地·本地鸡窝(邮电路店),上城区,餐饮服务;中餐厅;火锅店,4.7,68
東大方(杭州西城新座店),西湖区,餐饮服务;中餐厅;浙江菜,4.7,68
東大方(华瑞汇金中心店),萧山区,餐饮服务;中餐厅;浙江菜,4.7,68
東大方(临平东湖路店),临平区,餐饮服务;餐饮相关场所;餐饮相关,4.7,68
東大方(杭州紫金梦想店),西湖区,餐饮服务;中餐厅;中餐厅,4.7,68
東大方(杭州世纪城开元店),萧山区,餐饮服务;中餐厅;中餐厅,4.7,68
川霸川菜,钱塘区,餐饮服务;中餐厅;四川菜(川菜)|餐饮服务;中餐厅;火锅店,4.7,68
朱欢喜老火锅(高沙店),钱塘区,餐饮服务;中餐厅;火锅店,4.7,68
十昌老火锅,萧山区,餐饮服务;中餐厅;火锅店,4.7,68
锅美丽水煮鱼(龙湖杭州滨江天街店),滨江区,餐饮服务;中餐厅;中餐厅,4.7,68
湘辣湘食·湘菜馆(市心北路店),萧山区,餐饮服务;中餐厅;湖南菜(湘菜),4.7,68
徽姐姐徽菜·臭鳜鱼(海蓝·天行国际店),拱墅区,餐饮服务;中餐厅;安徽菜(徽菜),4.7,68
忆味东北美食体验基地,临平区,餐饮服务;中餐厅;中餐厅,4.7,68
小牛滚滚贵州黄牛肉火锅(萧山博地中心店),萧山区,餐饮服务;中餐厅;火锅店,4.7,68
星期八咖啡馆·日咖夜酒(之江店),上城区,餐饮服务;咖啡厅;咖啡厅|生活服务;生活服务场所;生活服务场所,4.7,68
东北杨光?碳烤鲜牛肉(天虹店),上城区,餐饮服务;中餐厅;中餐厅,4.7,69
川味泡菜馆(黄姑山路店),西湖区,餐饮服务;中餐厅;四川菜(川菜),4.7,69
小湘厨滨康店,滨江区,餐饮服务;中餐厅;中餐厅,4.7,69
郭包又东北菜(北软中天园店),拱墅区,餐饮服务;中餐厅;东北菜,4.7,69
野火烧烤·东北菜,上城区,餐饮服务;中餐厅;中餐厅,4.7,69
穆羊客清真火锅烤肉一体,上城区,餐饮服务;中餐厅;清真菜馆,4.7,69
渝妹重庆火锅,余杭区,餐饮服务;中餐厅;火锅店,4.7,70
piccolo披萨店,上城区,餐饮服务;快餐厅;快餐厅,4.7,70
衢八鲜?开化山水菜,上城区,餐饮服务;中餐厅;浙江菜,4.7,71
柴米夫妻四川自贡盐帮菜(新塘店),上城区,餐饮服务;中餐厅;四川菜(川菜),4.7,71
857铁锅炖 东北饭儿,上城区,餐饮服务;中餐厅;中餐厅,4.7,71
郭包又东北菜(西兴店),滨江区,餐饮服务;中餐厅;中餐厅,4.7,71
锦遇·唐风宋韵灶台鱼里·正宗淳牌鱼,淳安县,餐饮服务;中餐厅;中餐厅,4.7,71
小树林老成都火锅串串香·盖碗茶(宠物友好店),滨江区,餐饮服务;中餐厅;火锅店,4.7,72
正哥点心专家(国大广场店),拱墅区,餐饮服务;餐饮相关场所;餐饮相关,4.7,72
东北一锅香(丰谭路城西店),西湖区,餐饮服务;中餐厅;东北菜,4.7,72
幸会东北烤肉,滨江区,餐饮服务;中餐厅;中餐厅,4.7,72
马丫·东北饭儿(中豪江河时代店),上城区,餐饮服务;中餐厅;中餐厅,4.7,73
川婆婆酸菜鱼(市心中路店),萧山区,餐饮服务;中餐厅;中餐厅,4.7,73
大俺徽地锅鸡(转塘象山国际店),西湖区,餐饮服务;中餐厅;中餐厅,4.7,73
tea'stone喝好茶的店(杭州万象城店),上城区,餐饮服务;冷饮店;冷饮店,4.7,73
西北羊肉馆羊蝎子火锅烧烤(万邦大楼店),上城区,餐饮服务;中餐厅;火锅店|餐饮服务;中餐厅;西北菜,4.7,74
贰姐川菜,西湖区,餐饮服务;餐饮相关场所;餐饮相关,4.7,74
晚酒·阿英川菜馆(奥体金帝店),萧山区,餐饮服务;中餐厅;四川菜(川菜),4.7,74
大俺徽地锅鸡(绿都百瑞店),萧山区,餐饮服务;中餐厅;中餐厅,4.7,74
凯旋烧烤(凯旋路),上城区,餐饮服务;中餐厅;特色/地方风味餐厅,4.7,74
江南宴宴会中心,临平区,餐饮服务;中餐厅;中餐厅,4.7,74
碳二鹤岗小串(景芳店),上城区,餐饮服务;中餐厅;中餐厅,4.7,75
周姐焦烤鸡架·东北烧烤夜宵(朝龙汇店),萧山区,餐饮服务;餐饮相关场所;餐饮相关,4.7,75
桐湾大院·桐庐菜·夜宵烧烤(滨康路店),萧山区,餐饮服务;餐饮相关场所;餐饮相关,4.7,75
石灰石烧鸡公(嘉里中心店),拱墅区,餐饮服务;中餐厅;中餐厅,4.7,75
垚合牛府黄牛肉火锅(合生国贸中心店),西湖区,餐饮服务;中餐厅;火锅店,4.7,75
郭淑芬鲜切牛肉自助老火锅(钱江世纪城店),萧山区,餐饮服务;中餐厅;火锅店,4.7,75
洪星渔庄·临平菜(星万里店),临平区,餐饮服务;中餐厅;浙江菜,4.7,75
東大方(杭州潮王路店),拱墅区,餐饮服务;餐饮相关场所;餐饮相关,4.7,76
摆笼酸菜鱼庄·精品川菜(拱秀路店),萧山区,餐饮服务;中餐厅;四川菜(川菜),4.7,76
马丫东北饭儿(江南大道店),滨江区,餐饮服务;中餐厅;东北菜,4.7,76
兴玉·东北烧烤火锅(新塘店),上城区,餐饮服务;中餐厅;东北菜|餐饮服务;中餐厅;火锅店,4.7,77
费大厨辣椒炒肉(西溪天街店),西湖区,餐饮服务;中餐厅;中餐厅,4.7,77
小牛滚滚贵州黄牛肉火锅(通策广场店),滨江区,餐饮服务;中餐厅;火锅店,4.7,77
王道小乐惠,滨江区,餐饮服务;中餐厅;中餐厅,4.7,78
城子岭铁锅炖,萧山区,餐饮服务;中餐厅;中餐厅,4.7,78
小牛滚滚贵州黄牛肉火锅(国芳天街店),上城区,餐饮服务;中餐厅;火锅店,4.7,78
开化食府(新塘路店)(暂停营业),上城区,餐饮服务;中餐厅;中餐厅,4.7,79
玖十八烤鱼酒馆·龙虾·烧烤(芳塘店),上城区,餐饮服务;餐饮相关场所;餐饮相关,4.7,79
四灶儿·地道杭帮菜(西湖景区·吴山广场店),上城区,餐饮服务;中餐厅;中餐厅,4.7,79
四灶儿·地道杭帮菜(和平德信店),拱墅区,餐饮服务;中餐厅;中餐厅,4.7,79
蔡奋斗·老火锅(杭州首店),上城区,餐饮服务;中餐厅;火锅店,4.7,79
幺妹鱼庄(元成时代广场店),钱塘区,餐饮服务;中餐厅;四川菜(川菜),4.7,79
躲姨家火锅,滨江区,餐饮服务;中餐厅;火锅店,4.7,80
摆笼酸菜鱼庄·精品川菜(荣星名座店),萧山区,餐饮服务;中餐厅;中餐厅,4.7,80
川味观(凤起店),拱墅区,餐饮服务;中餐厅;火锅店|餐饮服务;中餐厅;四川菜(川菜),4.7,80
巴渝川菜(秋涛路店),上城区,餐饮服务;中餐厅;中餐厅,4.7,80
付小姐在成都(滨江店),滨江区,餐饮服务;中餐厅;火锅店,4.7,80
吃饭皇帝大·土家民族菜(龙湖天街店),滨江区,餐饮服务;中餐厅;中餐厅,4.7,80
吃饭皇帝大·土家民族菜(城西银泰城店),拱墅区,餐饮服务;中餐厅;湖南菜(湘菜),4.7,80
吃饭皇帝大·土家民族菜(龙湖下沙天街店),钱塘区,餐饮服务;中餐厅;中餐厅,4.7,80
吃饭皇帝大·土家民族菜(西溪印象城A座店),余杭区,餐饮服务;中餐厅;中餐厅,4.7,80
兴玉东北烧烤东北菜(新时代陶瓷店),西湖区,餐饮服务;中餐厅;东北菜,4.7,80
宽马记·热鲜牛肉海鲜火锅(余杭店),余杭区,餐饮服务;餐饮相关场所;餐饮相关,4.7,80
小满烧鸟·居酒屋(杭州之翼店),上城区,餐饮服务;外国餐厅;日本料理,4.7,80
火柚星球·农场餐厅,西湖区,餐饮服务;外国餐厅;西餐厅(综合风味),4.7,80
带你去趟佳木斯·非遗烧烤(杭州首店),萧山区,餐饮服务;中餐厅;特色/地方风味餐厅,4.7,81
永梅衢州菜(刀茅巷店),拱墅区,餐饮服务;中餐厅;中餐厅,4.7,81
大陈小院,西湖区,餐饮服务;中餐厅;中餐厅|体育休闲服务;体育休闲服务场所;体育休闲服务场所,4.7,81
舒家大院老火锅(杭州市滨江区宝龙城店),滨江区,餐饮服务;中餐厅;火锅店,4.7,81
张功馆·地道桐庐菜(钱潮店),上城区,餐饮服务;中餐厅;中餐厅,4.7,82
旷野听风不想上班(奥体店),萧山区,餐饮服务;餐饮相关场所;餐饮相关,4.7,82
陈记饭店(八卦新村店),上城区,餐饮服务;中餐厅;浙江菜,4.7,82
府上家宴·百年浙菜(美上店),西湖区,餐饮服务;中餐厅;中餐厅,4.7,82
晚酒·阿英川菜馆(一店),拱墅区,餐饮服务;中餐厅;四川菜(川菜),4.7,82
宴三衢·初味·衢州菜(西湖店),西湖区,餐饮服务;中餐厅;中餐厅,4.7,82
小牛家村·贵州黄牛肉火锅(梦想小镇店),余杭区,餐饮服务;中餐厅;火锅店,4.7,82
玖十八烤鱼酒馆·龙虾·烧烤(奥莱金街店),西湖区,餐饮服务;中餐厅;中餐厅,4.7,82
成都遇见你·串串吧(萧山店),萧山区,餐饮服务;中餐厅;火锅店,4.7,83
赵九记呱呱老火锅(EFC欧美广场店),余杭区,餐饮服务;中餐厅;火锅店,4.7,83
马丫东北饭儿(滨江文苑大厦店),滨江区,餐饮服务;中餐厅;中餐厅,4.7,83
小杨小黄鱼烧烤.龙虾(中赢康康谷店),滨江区,餐饮服务;中餐厅;中餐厅,4.7,83
广东脆皮鸡煲(滨盛路店),滨江区,餐饮服务;中餐厅;中餐厅,4.7,84
吃饭皇帝大·土家民族菜(印力汇德隆杭州奥体印象城店),萧山区,餐饮服务;中餐厅;湖南菜(湘菜)|餐饮服务;冷饮店;冷饮店,4.7,84
潘家东北烧烤火锅,拱墅区,餐饮服务;中餐厅;火锅店,4.7,84
寿司郎(萧山万象汇店),萧山区,餐饮服务;外国餐厅;日本料理,4.7,84
NDORA恩哚啦西餐厅,萧山区,餐饮服务;外国餐厅;外国餐厅,4.7,84
陈先进鱼馆(凤起店),上城区,餐饮服务;中餐厅;中餐厅,4.7,86
白乐天毛肚火锅店,萧山区,餐饮服务;中餐厅;火锅店,4.7,86
点都德(杭州中心店),拱墅区,餐饮服务;中餐厅;广东菜(粤菜),4.7,86
点都德(滨江银泰店),滨江区,餐饮服务;快餐厅;快餐厅,4.7,86
点都德(城西银泰城店),拱墅区,餐饮服务;快餐厅;快餐厅,4.7,86
点都德(奥体印象城店),萧山区,餐饮服务;中餐厅;广东菜(粤菜),4.7,86
四灶儿·地道杭帮菜(望江店),上城区,餐饮服务;中餐厅;中餐厅,4.7,87
山城兄弟·重庆江湖菜·黑金店,拱墅区,购物服务;购物相关场所;购物相关场所|餐饮服务;餐饮相关场所;餐饮相关,4.7,87
虾儿清清小龙虾烧烤(星澜里店),滨江区,餐饮服务;中餐厅;特色/地方风味餐厅,4.7,87
赵姑娘海鲜大排档·梭子蟹·烧烤(杭州总店),滨江区,餐饮服务;中餐厅;中餐厅,4.7,87
长风源·寻衢味(20年老店),上城区,餐饮服务;中餐厅;海鲜酒楼,4.7,88
新周记·巷子里的江南味(金龙财富店),拱墅区,餐饮服务;中餐厅;中餐厅,4.7,88
自贡盐帮菜,拱墅区,餐饮服务;餐饮相关场所;餐饮相关,4.7,88
点都德(杭州湖滨in77店),上城区,餐饮服务;中餐厅;广东菜(粤菜),4.7,88
大鱼徽州·皖南家宴(东站德信店),上城区,餐饮服务;中餐厅;安徽菜(徽菜),4.7,88
卢家·皖掌柜(杭州首店),拱墅区,餐饮服务;中餐厅;安徽菜(徽菜),4.7,88
大鱼徽州·皖南家宴(星光总店),滨江区,餐饮服务;中餐厅;中餐厅,4.7,88
大塘集美蛙鱼头·冷锅鱼(钱江世纪城店),萧山区,餐饮服务;中餐厅;中餐厅,4.7,89
刘老根·东北烧烤酒场(子夜广场店),萧山区,餐饮服务;中餐厅;中餐厅,4.7,89
戒指龙虾(余杭店),余杭区,餐饮服务;餐饮相关场所;餐饮相关,4.7,89
潮来福潮汕牛肉店(元华旺座中心店),上城区,餐饮服务;中餐厅;潮州菜,4.7,90
张功馆·地道桐庐菜(景芳店),上城区,餐饮服务;中餐厅;特色/地方风味餐厅,4.7,90
风炉故事·遂昌山野土菜(凯旋路店),上城区,餐饮服务;中餐厅;中餐厅,4.7,90
风炉故事·遂昌山野土菜(杭州首店),上城区,餐饮服务;中餐厅;中餐厅,4.7,90
杭州酒家(庆春路店),上城区,餐饮服务;中餐厅;中餐厅,4.7,90
晚酒·阿英川菜馆(解百店),上城区,餐饮服务;中餐厅;四川菜(川菜),4.7,90
齐庆·美蛙鱼头(EFC欧美广场店),余杭区,餐饮服务;中餐厅;火锅店,4.7,90
赵美丽.重庆社区火锅(EFC欧美广场店),余杭区,餐饮服务;中餐厅;火锅店,4.7,90
大川先生·龙虾·川菜(石灰坝店),拱墅区,餐饮服务;中餐厅;四川菜(川菜),4.7,90
岳无鸡·鲜切广东脆皮鸡煲(中南未来里店),余杭区,餐饮服务;餐饮相关场所;餐饮相关,4.7,90
十八道东北菜?芳达烧烤东北菜 (中赢康康谷店),滨江区,餐饮服务;中餐厅;东北菜,4.7,90
叶老头碳炉草本鸡煲(杭州萧山店),萧山区,餐饮服务;餐饮相关场所;餐饮相关,4.7,90
宽马记大排档·热鲜牛肉海鲜火锅(临安店),临安区,餐饮服务;中餐厅;火锅店,4.7,90
RayPub暗光(中河店),上城区,体育休闲服务;娱乐场所;酒吧|餐饮服务;咖啡厅;咖啡厅,4.7,90
滋味渊·匠心桐庐菜(景芳店),上城区,餐饮服务;中餐厅;浙江菜,4.7,91
杭州宴·杭州菜(火车东站店),上城区,餐饮服务;中餐厅;中餐厅,4.7,91
伊家鲜?宴请?小宴席(湖州街总店),拱墅区,餐饮服务;中餐厅;中餐厅,4.7,91
李白图书馆餐厅?杭帮菜名店(九堡店),上城区,餐饮服务;中餐厅;中餐厅,4.7,91
三登客江鲜(永福店),余杭区,餐饮服务;中餐厅;海鲜酒楼,4.7,91
六丁火烤肉(杭州首店),萧山区,餐饮服务;中餐厅;中餐厅,4.7,92
大宅院(西溪路),西湖区,餐饮服务;中餐厅;中餐厅,4.7,92
新周记·巷子里的江南味(庆春店),上城区,餐饮服务;中餐厅;浙江菜,4.7,93
重庆正宗万州烤鱼(萧山006成智店),萧山区,餐饮服务;中餐厅;中餐厅,4.7,93
COMMUNE幻师(远洋乐堤港B区店),拱墅区,体育休闲服务;娱乐场所;酒吧|餐饮服务;外国餐厅;西餐厅(综合风味),4.7,93
COMMUNE幻师(EFC欧美广场店),余杭区,餐饮服务;餐饮相关场所;餐饮相关,4.7,93
幸福小串·地摊小炉子(钱江世纪公园店),萧山区,餐饮服务;中餐厅;中餐厅,4.7,94
英子小海鲜(下沙新视界未来中心店),钱塘区,餐饮服务;中餐厅;海鲜酒楼,4.7,94
爱人再见小酒馆(奥体店),萧山区,餐饮服务;餐饮相关场所;餐饮相关,4.7,95
绿茶餐厅(灵隐路店·品牌旗舰店),西湖区,餐饮服务;中餐厅;中餐厅,4.7,95
晚酒·阿英川菜馆(上塘路三店),拱墅区,餐饮服务;中餐厅;四川菜(川菜),4.7,95
馬鸿興·川小馆(杭州中心店),拱墅区,餐饮服务;中餐厅;四川菜(川菜),4.7,95
潮中人潮汕大排档,上城区,餐饮服务;中餐厅;中餐厅,4.7,95
陆幺陆家常菜古墩路店,西湖区,餐饮服务;中餐厅;中餐厅,4.7,95
破店肥哈·海鲜·烧烤(杭州滨江店),滨江区,餐饮服务;餐饮相关场所;餐饮相关,4.7,95
马路边边火锅串串香(杭州总店),上城区,餐饮服务;中餐厅;火锅店,4.7,96
LuLuoBo绿萝卜(中山北路店),拱墅区,餐饮服务;中餐厅;中餐厅,4.7,96
印象临安(城东店),临安区,餐饮服务;中餐厅;中餐厅|商务住宅;商务住宅相关;商务住宅相关,4.7,97
新周记·巷子里的江南味(鼓楼店),上城区,餐饮服务;中餐厅;中餐厅,4.7,98
三两好友深夜食堂·焗海鲜·烤乳猪·脆皮烤鸡(西溪八方城店),余杭区,餐饮服务;中餐厅;中餐厅,4.7,98
猪笼城寨·鲜货烧烤龙虾·怀旧包厢·大排档(萧山店),萧山区,餐饮服务;中餐厅;中餐厅,4.7,98
马大虾小龙虾·盆盆蟹·杭城地标十星大排档,滨江区,餐饮服务;餐饮相关场所;餐饮相关,4.7,98
MAMA精致川菜(保利天汇店),滨江区,餐饮服务;中餐厅;四川菜(川菜),4.7,99
山河屯铁锅炖·东北菜(杭州一店),上城区,餐饮服务;中餐厅;东北菜,4.7,99
大川日本料理·深夜居酒屋(解放路店),上城区,餐饮服务;外国餐厅;日本料理,4.7,99
大川日本料理·深夜居酒屋(火车东站店),上城区,餐饮服务;外国餐厅;日本料理,4.7,99
小林刺身(朝晖店),拱墅区,餐饮服务;外国餐厅;日本料理|生活服务;生活服务场所;生活服务场所,4.7,99
天香楼(延安路店),拱墅区,餐饮服务;中餐厅;综合酒楼,4.7,100
马灯部落-杭帮创意菜(杭州西湖虎跑店),西湖区,餐饮服务;中餐厅;浙江菜,4.7,100
川塘风乐山冷锅鱼美蛙鱼头,西湖区,餐饮服务;中餐厅;中餐厅,4.7,100
那些年·花园西餐·窑炉披萨(新天地店),临平区,餐饮服务;咖啡厅;咖啡厅,4.7,100
喀摩尔土耳其餐厅,上城区,餐饮服务;外国餐厅;西餐厅(综合风味),4.7,100
武林虾客·小龙虾·江南生腌(凤起路店),拱墅区,餐饮服务;中餐厅;海鲜酒楼,4.7,100
晓麟家奶茶(采荷店),上城区,餐饮服务;冷饮店;冷饮店,4.6,8
晓麟奶茶(近江家园店),上城区,餐饮服务;冷饮店;冷饮店,4.6,11
瑞幸咖啡(501城市广场店),上城区,餐饮服务;咖啡厅;咖啡厅,4.6,13
王老笨·东北过桥米线(龙湖杭州西溪天街店),西湖区,餐饮服务;中餐厅;特色/地方风味餐厅,4.6,20
麦当劳(中南国际商城店),滨江区,餐饮服务;快餐厅;麦当劳,4.6,22
布蕾克喝茶工坊(近江五园店),上城区,餐饮服务;冷饮店;冷饮店,4.6,23
麦当劳(杭州凤起路餐厅),拱墅区,餐饮服务;快餐厅;麦当劳,4.6,23
正宗淮南牛肉汤,拱墅区,餐饮服务;中餐厅;中餐厅,4.6,23
肯德基(朝晖店),拱墅区,餐饮服务;快餐厅;肯德基,4.6,25
骑点咖啡 Ride Cafe,上城区,餐饮服务;咖啡厅;咖啡厅,4.6,26
麦当劳(江南明新DT店),萧山区,餐饮服务;快餐厅;麦当劳,4.6,26
麦当劳(加州阳光·开元广场店),萧山区,餐饮服务;快餐厅;麦当劳,4.6,26
麦当劳(杭州大厦501城市广场店),上城区,餐饮服务;快餐厅;麦当劳,4.6,27
王阿盖手工小吃(庆春银泰店),上城区,地名地址信息;普通地名;村庄级地名|餐饮服务;中餐厅;中餐厅,4.6,27
chofo出伏咖啡,上城区,餐饮服务;咖啡厅;咖啡厅,4.6,27
肯德基(杭州和平饭店),拱墅区,餐饮服务;快餐厅;肯德基,4.6,27
素新风·食养自助餐厅(杭州·501广场店),上城区,餐饮服务;中餐厅;中餐厅,4.6,28
复兴面王(杭州莲荷里店),滨江区,餐饮服务;中餐厅;中餐厅,4.6,28
费大厨辣椒炒肉(杭州湖滨in77店),上城区,餐饮服务;中餐厅;中餐厅,4.6,28
费大厨辣椒炒肉(滨江龙湖天街店),滨江区,餐饮服务;中餐厅;中餐厅,4.6,28
费大厨辣椒炒肉(萧山万象汇店),萧山区,餐饮服务;中餐厅;中餐厅,4.6,28
东北蒸饺菜馆(余杭店),余杭区,餐饮服务;餐饮相关场所;餐饮相关,4.6,28
Section沙县咖啡(太平门直街店),上城区,餐饮服务;咖啡厅;咖啡厅,4.6,28
银记肠粉(新华路店),拱墅区,餐饮服务;快餐厅;快餐厅,4.6,28
麦当劳(星耀城二期城市生活广场店),滨江区,餐饮服务;快餐厅;麦当劳,4.6,28
麦当劳(西湖银泰百货店),上城区,餐饮服务;快餐厅;麦当劳,4.6,28
麦当劳(杭州滨江中南乐游城店),滨江区,餐饮服务;快餐厅;麦当劳,4.6,28
麦当劳(大华·星河商务大厦店),上城区,餐饮服务;快餐厅;麦当劳,4.6,29
麦当劳(智谷国际人才大厦店),上城区,餐饮服务;快餐厅;麦当劳,4.6,29
星巴克(杭州来福士广场店),上城区,餐饮服务;咖啡厅;星巴克咖啡,4.6,30
星巴克(杭州UDC店),上城区,餐饮服务;咖啡厅;星巴克咖啡,4.6,30
星巴克(滨江城市之星店),上城区,餐饮服务;咖啡厅;星巴克咖啡,4.6,30
星巴克(杭州东杭大厦店),上城区,餐饮服务;咖啡厅;星巴克咖啡,4.6,30
Any.Shell Coffee胡安咖啡(近江南路店),上城区,餐饮服务;咖啡厅;咖啡厅,4.6,30
星巴克(杭州大厦501城市广场B1店),上城区,餐饮服务;咖啡厅;星巴克咖啡,4.6,30
星巴克(新传媒大厦店),上城区,餐饮服务;咖啡厅;星巴克咖啡,4.6,30
星巴克(杭州五福天虹购物中心店),上城区,餐饮服务;咖啡厅;星巴克咖啡,4.6,30
麦当劳(科技广场店),西湖区,餐饮服务;快餐厅;麦当劳,4.6,30
星巴克(杭州嘉华店),西湖区,餐饮服务;咖啡厅;星巴克咖啡|餐饮服务;快餐厅;快餐厅,4.6,30
马姥姥东北砂锅,滨江区,餐饮服务;中餐厅;中餐厅,4.6,31
素满香·全民食养自助(滨江天街店),滨江区,餐饮服务;快餐厅;快餐厅,4.6,31
望江门227号龙虾馆,上城区,餐饮服务;中餐厅;中餐厅,4.6,32
阿嬷手作(杭州万象城店),上城区,餐饮服务;冷饮店;冷饮店,4.6,34
麦当劳(中豪·江河时代店),上城区,餐饮服务;快餐厅;麦当劳,4.6,35
复兴面王(庆春店),拱墅区,餐饮服务;中餐厅;中餐厅,4.6,35
MStand(杭州太平金融大厦店),上城区,餐饮服务;咖啡厅;咖啡厅,4.6,35
后生仔·潮汕小馆(西湖店),西湖区,餐饮服务;中餐厅;中餐厅,4.6,37
小饮与食·盖饭小吃·中华料理(杭州景芳店),上城区,餐饮服务;中餐厅;中餐厅,4.6,39
肯德基(杭州庆丰店),西湖区,餐饮服务;快餐厅;肯德基,4.6,39
张十二非遗手工小吃(景芳店),上城区,餐饮服务;中餐厅;中餐厅,4.6,40
天诚小吃(大学路),上城区,餐饮服务;中餐厅;中餐厅,4.6,40
瑶姐·古法干蒸(转塘店),西湖区,餐饮服务;中餐厅;中餐厅,4.6,40
辽阜·艳姨蒸饺东北菜,上城区,餐饮服务;中餐厅;东北菜,4.6,40
麵匠·石山,滨江区,餐饮服务;餐饮相关场所;餐饮相关,4.6,41
喜村烧鸽子烧烤东北菜,余杭区,餐饮服务;中餐厅;东北菜,4.6,42
旺厨东北菜,西湖区,餐饮服务;中餐厅;东北菜,4.6,42
小米椒烤鱼坊(广苑小区店),临安区,餐饮服务;中餐厅;四川菜(川菜),4.6,44
萨莉亚意式餐厅(滨江天街店),滨江区,餐饮服务;外国餐厅;意式菜品餐厅,4.6,45
椿芽·鲜牛肉杭州拌川(杭州万象城店),上城区,餐饮服务;餐饮相关场所;餐饮相关,4.6,46
食局东北菜,西湖区,餐饮服务;中餐厅;东北菜,4.6,46
炉上牛肉档·牛肉粿条·牛腩饭·火锅(萧山嘉润公馆店),萧山区,餐饮服务;中餐厅;火锅店,4.6,47
粤蒸倌·瑶姐古法干蒸菜(滨江店),滨江区,餐饮服务;中餐厅;中餐厅,4.6,47
大俺徽地锅鸡(星荟广场店),滨江区,餐饮服务;中餐厅;中餐厅,4.6,47
南田云米·传统菊花过桥米线,西湖区,餐饮服务;快餐厅;快餐厅,4.6,47
粤蒸倌·瑶姐古法干蒸菜(钱塘高沙店),钱塘区,餐饮服务;中餐厅;中餐厅,4.6,48
小苏哥·湘菜(杭行荟店),余杭区,餐饮服务;中餐厅;湖南菜(湘菜),4.6,48
元气考拉·湖南小炒,萧山区,餐饮服务;中餐厅;湖南菜(湘菜),4.6,49
喜贡·爆炒新桥三嫩(联合中心店),萧山区,餐饮服务;中餐厅;特色/地方风味餐厅,4.6,49
骨里香饺子居(萧清大道店),萧山区,餐饮服务;中餐厅;特色/地方风味餐厅,4.6,49
椿芽·鲜牛肉杭州拌川(杭州鼓楼店),上城区,餐饮服务;中餐厅;浙江菜,4.6,50
西月楼·杭帮菜(河坊街店),上城区,餐饮服务;中餐厅;浙江菜,4.6,50
大苑丰炝锅鱼,滨江区,餐饮服务;中餐厅;中餐厅,4.6,50
粤蒸倌瑶姐古法干蒸菜(德胜路店),拱墅区,餐饮服务;中餐厅;广东菜(粤菜),4.6,50
妙手菜湘.长沙菜(杭州首店),拱墅区,餐饮服务;中餐厅;湖南菜(湘菜),4.6,50
大嘴巴湘菜馆·干煸小龙虾(钱江世纪城店),萧山区,餐饮服务;中餐厅;湖南菜(湘菜),4.6,50
大嘴巴湘菜馆·干煸小龙虾(杭州彩虹城店),滨江区,餐饮服务;中餐厅;湖南菜(湘菜),4.6,50
梦幻烤房·BURGER·BBQ,上城区,餐饮服务;快餐厅;快餐厅,4.6,50
麺屋猪一(左右世界店),萧山区,餐饮服务;餐饮相关场所;餐饮相关,4.6,50
外婆家(杭州望江店),上城区,餐饮服务;中餐厅;浙江菜,4.6,51
川湘馆(邮电路店),上城区,餐饮服务;中餐厅;四川菜(川菜),4.6,51
湘小妹·湘菜馆(钱江世纪城店),萧山区,餐饮服务;中餐厅;湖南菜(湘菜),4.6,51
福锅记(铁锅炖&东北菜),滨江区,餐饮服务;中餐厅;中餐厅,4.6,51
咱家水饺(采荷店),上城区,餐饮服务;餐饮相关场所;餐饮相关,4.6,51
宴湖小馆,西湖区,餐饮服务;中餐厅;中餐厅,4.6,52
外屋地东北菜,拱墅区,餐饮服务;中餐厅;中餐厅,4.6,52
东北印象餐厅(莫干山路店),西湖区,餐饮服务;中餐厅;特色/地方风味餐厅|餐饮服务;中餐厅;东北菜,4.6,52
小巷酒家(云水苑店),钱塘区,餐饮服务;中餐厅;中餐厅,4.6,52
萨莉亚意式餐厅(龙湖杭州金沙天街店),钱塘区,餐饮服务;外国餐厅;意式菜品餐厅,4.6,52
渔你湘约(杭州粮贸大厦店),拱墅区,餐饮服务;中餐厅;湖南菜(湘菜),4.6,53
王胜利长沙家菜馆(杭州首店),上城区,餐饮服务;中餐厅;中餐厅,4.6,54
湘绯·杭城拾佳湘菜(滨江宝龙店),滨江区,餐饮服务;中餐厅;湖南菜(湘菜),4.6,54
外婆家(杭州金沙印象城店),钱塘区,餐饮服务;中餐厅;浙江菜|餐饮服务;中餐厅;江苏菜,4.6,55
椿湘现炒下饭菜(紫荆天街店),西湖区,餐饮服务;中餐厅;湖南菜(湘菜),4.6,55
盖饭邦·长沙菜馆(宝港生活广场店),西湖区,餐饮服务;中餐厅;中餐厅,4.6,55
小菜园新徽菜(杭州西湖银泰店),上城区,餐饮服务;中餐厅;中餐厅,4.6,55
小菜园新徽菜(杭州拱墅万达店),拱墅区,餐饮服务;外国餐厅;韩国料理,4.6,55
大俺徽地锅鸡(拱墅宝龙店),拱墅区,餐饮服务;中餐厅;中餐厅,4.6,55
臻艾东北烧烤铁锅炖(九堡家苑店),上城区,餐饮服务;中餐厅;东北菜,4.6,55
文利小吃店(大学路店),上城区,餐饮服务;中餐厅;中餐厅,4.6,56
大俺徽柴火鸡(江和美海洋生活广场店),上城区,餐饮服务;中餐厅;中餐厅,4.6,56
印象坊餐厅(金街美地店),西湖区,餐饮服务;中餐厅;中餐厅,4.6,56
湘先生米小姐(众安广场店),萧山区,餐饮服务;中餐厅;湖南菜(湘菜),4.6,56
皖北小厨房(滨兴小区西区店),滨江区,餐饮服务;中餐厅;中餐厅,4.6,56
正月初二·哈尔滨铁锅炖(星光国际广场店),滨江区,餐饮服务;餐饮相关场所;餐饮相关,4.6,56
表妹烧烤·东北菜铁锅炖(九堡店),上城区,餐饮服务;餐饮相关场所;餐饮相关,4.6,56
马丫东北饭儿(印悦里丰庆店),拱墅区,餐饮服务;中餐厅;中餐厅,4.6,57
食三嫂·齐齐哈尔烤肉·烧烤东北菜(胜利河美食街店),拱墅区,餐饮服务;餐饮相关场所;餐饮相关,4.6,57
萨莉亚意式餐厅(远洋乐堤港A区店),拱墅区,餐饮服务;外国餐厅;意式菜品餐厅,4.6,57
东坡文人面馆,上城区,餐饮服务;中餐厅;浙江菜,4.6,58
喜贡·爆炒川菜(保利·时光里店),滨江区,餐饮服务;餐饮相关场所;餐饮相关,4.6,58
粤甲壹方·壹粥壹面·潮汕菜(东站店),上城区,餐饮服务;中餐厅;中餐厅,4.6,58
湘江春·精致湘菜,萧山区,餐饮服务;中餐厅;中餐厅,4.6,58
味道野的很·湖南山里菜(象山国际店),西湖区,餐饮服务;中餐厅;中餐厅,4.6,58
老善溜肉段·非遗东北菜(新天地店),拱墅区,餐饮服务;中餐厅;东北菜,4.6,58
依兰老味?烧烤?东北菜(九堡店),上城区,餐饮服务;中餐厅;东北菜,4.6,58
龍歌自助小火锅(上城龙湖店),上城区,餐饮服务;中餐厅;火锅店,4.6,58
印湖·老底子杭帮菜(河坊街店),上城区,餐饮服务;中餐厅;中餐厅,4.6,59
杭小厨·地道杭帮菜(河坊街店),上城区,餐饮服务;中餐厅;中餐厅,4.6,59
西湖人家·地道杭帮味(寻味杭州·南山路店),上城区,餐饮服务;中餐厅;中餐厅,4.6,59
渝满堂川菜馆(百井坊巷店),拱墅区,餐饮服务;中餐厅;中餐厅,4.6,59
马丫东北饭儿(德胜总店),拱墅区,餐饮服务;中餐厅;中餐厅,4.6,59
大年初一东北菜馆(禹航路店),余杭区,餐饮服务;中餐厅;中餐厅,4.6,59
赵府私厨·老杭帮菜(西湖老店),上城区,餐饮服务;中餐厅;浙江菜,4.6,60
外婆烧.杭帮菜(西湖店),上城区,餐饮服务;中餐厅;浙江菜,4.6,60
杭三姐妹(西湖·D11食尚城店),拱墅区,餐饮服务;中餐厅;中餐厅,4.6,60
徽灶头·安徽土菜(三墩店),西湖区,餐饮服务;中餐厅;安徽菜(徽菜),4.6,60
何府茶油现炒鸡小龙虾,西湖区,餐饮服务;中餐厅;中餐厅,4.6,60
三虾客小龙虾临沂炒鸡(迎春东苑店),滨江区,餐饮服务;餐饮相关场所;餐饮相关,4.6,60
鄰居咖啡neighborhood,上城区,餐饮服务;咖啡厅;咖啡厅,4.6,60
大俺徽柴火鸡·地锅鸡(鑫都汇店),滨江区,餐饮服务;中餐厅;中餐厅,4.6,61
雅轩居东北菜,钱塘区,餐饮服务;中餐厅;东北菜,4.6,61
东北特色铁锅炖(孙权路店),富阳区,餐饮服务;中餐厅;中餐厅,4.6,61
虾锅·小龙虾·烧烤(沈家路店),拱墅区,餐饮服务;中餐厅;中餐厅,4.6,61
湖畔·私房菜·杭帮菜(湖滨店),上城区,餐饮服务;中餐厅;中餐厅,4.6,62
食三嫂·齐齐哈尔烤肉·烧烤东北菜(新天地店),拱墅区,餐饮服务;中餐厅;中餐厅,4.6,62
厨创东北大厨(黄龙国际中心店),西湖区,餐饮服务;中餐厅;中餐厅,4.6,62
宽窄巷子成都串串香(邮电路杭州店),上城区,餐饮服务;中餐厅;火锅店,4.6,63
忆湘味-鲜炒·湖南菜(EFC店),余杭区,餐饮服务;中餐厅;湖南菜(湘菜),4.6,63
幸福年铁锅炖熏酱小酒馆(九堡店),上城区,餐饮服务;中餐厅;中餐厅,4.6,63
辽A迷糊小串儿·东北烧烤·东北菜(蓝钻天城店),拱墅区,餐饮服务;餐饮相关场所;餐饮相关,4.6,63
荷韵西子·老底子杭帮菜(西湖音乐喷泉店),上城区,餐饮服务;中餐厅;中餐厅,4.6,64
芳达烧烤·东北菜(武林旗舰店),拱墅区,餐饮服务;中餐厅;东北菜|餐饮服务;中餐厅;特色/地方风味餐厅|住宿服务;宾馆酒店;宾馆酒店,4.6,64
串掌门烧烤东北菜,萧山区,餐饮服务;中餐厅;中餐厅,4.6,64
马丫东北饭儿(萧山店),萧山区,餐饮服务;中餐厅;中餐厅,4.6,64
马丫东北饭儿(九堡店),上城区,餐饮服务;中餐厅;湖南菜(湘菜),4.6,64
松花江上·东北小馆(三深国际中心店),西湖区,餐饮服务;中餐厅;综合酒楼,4.6,64
夜八两·老舅烧烤(滨江店),滨江区,餐饮服务;中餐厅;中餐厅,4.6,64
蝴蝶里(杭州来福士店),上城区,餐饮服务;中餐厅;火锅店,4.6,65
一席地·本地鸡窝(庆春银泰店),上城区,餐饮服务;中餐厅;中餐厅,4.6,65
新白鹿餐厅(庆春银泰店),上城区,餐饮服务;中餐厅;中餐厅,4.6,65
新白鹿(杭州新塘店),上城区,餐饮服务;中餐厅;浙江菜,4.6,65
正大酒家(杭州上城区),上城区,餐饮服务;中餐厅;中餐厅,4.6,65
烤匠麻辣烤鱼(in77店),上城区,餐饮服务;中餐厅;特色/地方风味餐厅|餐饮服务;中餐厅;四川菜(川菜),4.6,65
烤匠麻辣烤鱼(滨江天街店),滨江区,餐饮服务;中餐厅;特色/地方风味餐厅,4.6,65
蝴蝶里(滨江龙湖天街店),滨江区,餐饮服务;中餐厅;中餐厅,4.6,65
蝴蝶里(西溪天街店),西湖区,餐饮服务;中餐厅;广东菜(粤菜),4.6,65
蝴蝶里(下沙龙湖天街店),钱塘区,餐饮服务;中餐厅;广东菜(粤菜),4.6,65
蝴蝶里(滨江宝龙广场店),滨江区,餐饮服务;中餐厅;广东菜(粤菜),4.6,65
蝴蝶里(丁桥店),上城区,餐饮服务;中餐厅;广东菜(粤菜),4.6,65
小湘厨(迎春东苑店),滨江区,餐饮服务;中餐厅;中餐厅,4.6,65
二丫家东北铁锅炖大鹅(联胜路店),余杭区,餐饮服务;中餐厅;中餐厅,4.6,65
庆哥东北油边王,上城区,餐饮服务;中餐厅;特色/地方风味餐厅,4.6,65
乾堂里·杭州老八鲜(吴山广场店),上城区,餐饮服务;中餐厅;中餐厅,4.6,66
喜靓·老广排档(钱江世纪城店),萧山区,餐饮服务;中餐厅;中餐厅,4.6,66
湘绯·锦(天目山路店),西湖区,餐饮服务;中餐厅;湖南菜(湘菜),4.6,66
小渔村全湖景餐厅(湖光里店),淳安县,餐饮服务;中餐厅;中餐厅,4.6,66
垚森居东北菜?烧烤(杭州宸创大厦店),拱墅区,餐饮服务;中餐厅;东北菜,4.6,66
哈尔滨涮肚·地摊烤肉(辣么刘萧山热榜店),萧山区,餐饮服务;中餐厅;火锅店,4.6,66
二丫家东北铁锅炖大鹅(晴川街店),西湖区,餐饮服务;中餐厅;东北菜,4.6,66
滇牛老杨潮汕鲜牛肉火锅,拱墅区,餐饮服务;中餐厅;火锅店,4.6,66
杭小馆杭帮菜私房菜(河坊街店),上城区,餐饮服务;中餐厅;中餐厅,4.6,67
湘绯·杭城拾佳湘菜(三深国际店),西湖区,餐饮服务;中餐厅;湖南菜(湘菜),4.6,67
李百蟹·园林湖景蟹黄面(雷峰塔店),西湖区,餐饮服务;中餐厅;海鲜酒楼,4.6,67
東大方(杭州大厦501店),上城区,餐饮服务;中餐厅;中餐厅,4.6,68
仙鱼石缘蒸汽石锅鱼,上城区,餐饮服务;中餐厅;火锅店,4.6,68
新刘记·杭帮菜·私房菜,上城区,餐饮服务;中餐厅;中餐厅,4.6,68
東大方(杭州三维大厦店),滨江区,餐饮服务;中餐厅;中餐厅,4.6,68
東大方(莫干山路店),西湖区,餐饮服务;餐饮相关场所;餐饮相关,4.6,68
东大方(杭州云澜谷店),西湖区,餐饮服务;中餐厅;浙江菜,4.6,68
東大方(杭州万达店),拱墅区,餐饮服务;中餐厅;中餐厅,4.6,68
東大方(杭州苏泊尔大厦店),滨江区,餐饮服务;餐饮相关场所;餐饮相关,4.6,68
東大方(杭州八方城店),余杭区,餐饮服务;中餐厅;中餐厅,4.6,68
東大方(祥生中心店),上城区,餐饮服务;餐饮相关场所;餐饮相关,4.6,68
钟华平潮汕鲜活牛肉铺,钱塘区,餐饮服务;中餐厅;中餐厅,4.6,68
湘绯(华夏之心店),余杭区,餐饮服务;中餐厅;湖南菜(湘菜),4.6,68
湘粤江南(西子国际店),临平区,餐饮服务;餐饮相关场所;餐饮相关,4.6,68
厨创东北大厨(东站万象汇店),上城区,餐饮服务;中餐厅;中餐厅,4.6,68
辽A特色烧烤东北菜舟山东路店(辽A特色烧烤东北菜),拱墅区,餐饮服务;餐饮相关场所;餐饮相关,4.6,68
博多天一天婦羅牛排飯(杭州首店),上城区,餐饮服务;外国餐厅;日本料理,4.6,68
菲滋意式餐厅(富阳物美店),富阳区,餐饮服务;外国餐厅;意式菜品餐厅,4.6,68
菲滋意式餐厅(萧山临浦店),萧山区,餐饮服务;外国餐厅;西餐厅(综合风味),4.6,68
杭小厨·地道杭帮菜(湖滨店),上城区,餐饮服务;中餐厅;中餐厅,4.6,69
辣得香湘菜馆(益乐路店),西湖区,餐饮服务;中餐厅;湖南菜(湘菜),4.6,69
東禧张大厨老坛柠檬鱼(首尔印象店),西湖区,餐饮服务;中餐厅;中餐厅,4.6,69
小损样烧烤(恒祺中心店),上城区,餐饮服务;中餐厅;中餐厅,4.6,69
二丫家东北铁锅炖大鹅(龙章路店),西湖区,餐饮服务;中餐厅;中餐厅,4.6,69
东北老菜馆,上城区,餐饮服务;中餐厅;东北菜,4.6,69
王大力·活龙虾江湖菜大排档(夜宵·拱墅万达店),拱墅区,餐饮服务;中餐厅;中餐厅,4.6,69
矮子餐厅(紫晶商务城店),上城区,餐饮服务;中餐厅;中餐厅,4.6,70
成渝老妈川菜(双菱路店),上城区,餐饮服务;中餐厅;四川菜(川菜),4.6,70
老弄堂菜馆(鼓楼店),上城区,餐饮服务;中餐厅;中餐厅,4.6,70
幺妹鱼庄(华丰分店),拱墅区,餐饮服务;中餐厅;海鲜酒楼,4.6,70
盱眙杨姐龙虾馆·仓前羊肉馆(明珠街店),上城区,餐饮服务;中餐厅;海鲜酒楼,4.6,70
渝签斤串串自助火锅(武林夜市店),拱墅区,餐饮服务;中餐厅;火锅店,4.6,71
湘遇·湖南私房菜(西湖店),上城区,餐饮服务;中餐厅;湖南菜(湘菜),4.6,71
大俺徽地锅鸡(庆春店),上城区,餐饮服务;中餐厅;中餐厅,4.6,71
比格比萨自助(杭州金沙印象城店),钱塘区,餐饮服务;快餐厅;快餐厅,4.6,71
大禹龙虾烧烤,滨江区,餐饮服务;餐饮相关场所;餐饮相关,4.6,71
Shake Shack(杭州嘉里中心店),拱墅区,餐饮服务;快餐厅;快餐厅,4.6,71
吴记餐厅·杭帮菜·私房菜(西湖湖滨店),上城区,餐饮服务;中餐厅;浙江菜|餐饮服务;中餐厅;特色/地方风味餐厅,4.6,72
渝少卿重庆飘香鱼正宗川菜(华夏之心店),余杭区,餐饮服务;中餐厅;四川菜(川菜),4.6,72
费大厨辣椒炒肉(奥体印象城店),萧山区,餐饮服务;中餐厅;中餐厅,4.6,72
只有板凳长·湖南山里菜,滨江区,餐饮服务;餐饮相关场所;餐饮相关,4.6,72
芳达烧烤(亚琪大厦店),滨江区,餐饮服务;中餐厅;特色/地方风味餐厅,4.6,72
帕米尔餐厅·新疆烧烤·羊肉串(杭州华景宾馆店),上城区,餐饮服务;中餐厅;中餐厅,4.6,72
川娃子菜馆.烤鱼小龙虾(景芳店),上城区,餐饮服务;中餐厅;四川菜(川菜),4.6,73
绿茶餐厅(杭州东站万象汇店),上城区,餐饮服务;中餐厅;中餐厅,4.6,73
春江酸菜鱼馆(春江西路总店),桐庐县,餐饮服务;中餐厅;四川菜(川菜),4.6,73
红星路·成都街头烤鱼·川菜·夜宵团建(钱江世纪城店),萧山区,餐饮服务;中餐厅;四川菜(川菜),4.6,73
头牌鹤岗小串(天虹店),上城区,餐饮服务;中餐厅;特色/地方风味餐厅,4.6,74
印湖杭味·创意杭帮菜(西湖店),拱墅区,餐饮服务;中餐厅;中餐厅,4.6,74
冯三孃川菜馆(湖滨直营店),上城区,餐饮服务;中餐厅;中餐厅,4.6,74
江南公社(桐庐店),桐庐县,餐饮服务;中餐厅;湖南菜(湘菜),4.6,74
厨创东北大厨(滨江宝龙店),滨江区,餐饮服务;餐饮相关场所;餐饮相关,4.6,74
黑淀儿烧烤(奥体店),萧山区,餐饮服务;餐饮相关场所;餐饮相关,4.6,74
天天有鹅肉·小南门龙虾,萧山区,餐饮服务;中餐厅;中餐厅,4.6,74
老头儿油爆虾·巷子里的烟火味(采荷店),上城区,餐饮服务;中餐厅;中餐厅,4.6,75
印湖饭店·传承经典杭帮菜(西湖断桥店),西湖区,餐饮服务;中餐厅;中餐厅,4.6,75
烤匠麻辣烤鱼(亚奥万象天地店),萧山区,餐饮服务;中餐厅;特色/地方风味餐厅,4.6,75
不忘湘·精致湘菜·小龙虾(闻堰老街店),萧山区,餐饮服务;中餐厅;湖南菜(湘菜),4.6,75
大俺徽柴火鸡·地锅鸡(加州阳光店),萧山区,餐饮服务;中餐厅;中餐厅,4.6,75
金玉东北烧烤·东北菜,余杭区,餐饮服务;中餐厅;特色/地方风味餐厅,4.6,75
郭淑芬鲜切牛肉自助老火锅(延安路店),拱墅区,餐饮服务;餐饮相关场所;餐饮相关,4.6,75
达美乐比萨(惠兴路店),上城区,餐饮服务;快餐厅;快餐厅,4.6,75
达美乐比萨(鸿泰路店),上城区,餐饮服务;快餐厅;快餐厅,4.6,75
达美乐比萨(山阴路店),萧山区,餐饮服务;快餐厅;快餐厅,4.6,75
达美乐比萨(仓前万达广场店),余杭区,餐饮服务;快餐厅;快餐厅,4.6,75
达美乐比萨(滨文路店),滨江区,餐饮服务;快餐厅;快餐厅,4.6,75
达美乐比萨(利一路店),萧山区,餐饮服务;快餐厅;快餐厅,4.6,75
谢大牛馆·中式卤牛排(景芳店),上城区,餐饮服务;中餐厅;中餐厅,4.6,76
辛香汇·四川饭馆(工联CC店),上城区,餐饮服务;中餐厅;中餐厅,4.6,76
齐庆·美蛙鱼头火锅(滨江宝龙店),滨江区,餐饮服务;中餐厅;火锅店,4.6,76
付小姐在成都(杭州总店),拱墅区,餐饮服务;中餐厅;火锅店,4.6,76
和为贵·路哥东北烧烤,上城区,餐饮服务;中餐厅;特色/地方风味餐厅,4.6,76
蟹满皇·蟹黄面(西湖湖滨店),上城区,餐饮服务;餐饮相关场所;餐饮相关,4.6,76
活虾堂龙虾(文一西路店),西湖区,餐饮服务;中餐厅;特色/地方风味餐厅,4.6,76
活虾堂·羊肉煲小龙虾烧烤(高沙店),钱塘区,餐饮服务;中餐厅;中餐厅,4.6,76
潇阳居·寻味广粤(东站东广场店),上城区,餐饮服务;中餐厅;中餐厅,4.6,77
彭兜兜鲜货烧烤·小龙虾湘菜大排档(未来科技城店),余杭区,餐饮服务;中餐厅;中餐厅,4.6,77
厨创东北大厨(湖滨In77 C区店),上城区,餐饮服务;中餐厅;中餐厅,4.6,77
豪客来牛排(杭州文三颐高数码城餐厅),西湖区,餐饮服务;外国餐厅;西餐厅(综合风味)|餐饮服务;外国餐厅;牛扒店(扒房),4.6,77
串小二鲜货烧烤.龙虾风暴,萧山区,餐饮服务;中餐厅;中餐厅,4.6,77
费大厨辣椒炒肉(龙湖杭州上城天街店),上城区,餐饮服务;中餐厅;中餐厅,4.6,78
整点东北菜儿,萧山区,餐饮服务;中餐厅;东北菜,4.6,78
不万能先生·市井牛肉火锅(武林总店),拱墅区,餐饮服务;中餐厅;火锅店,4.6,78
张大厨老坛柠檬鱼,上城区,餐饮服务;中餐厅;中餐厅,4.6,79
忆浙西·浙西农家菜(龙岗店),临安区,餐饮服务;中餐厅;安徽菜(徽菜),4.6,79
红星路·成都烤鱼(万达步行街店),拱墅区,餐饮服务;中餐厅;特色/地方风味餐厅,4.6,80
新太二·鲜料川菜(杭州大悦城分店),拱墅区,餐饮服务;中餐厅;中餐厅,4.6,80
壹只鸡煲馆(杭州首店),西湖区,餐饮服务;中餐厅;中餐厅,4.6,80
侯师傅热炒店(杭州湖滨in77店),上城区,餐饮服务;中餐厅;中餐厅,4.6,80
碧湖小馆(象山国际店),西湖区,餐饮服务;中餐厅;中餐厅,4.6,80
马丫东北饭儿(浙商财富中心店),西湖区,餐饮服务;中餐厅;东北菜,4.6,80
马丫东北饭儿(临平店),临平区,餐饮服务;中餐厅;中餐厅,4.6,80
蘭记牛府贵州黄牛肉火锅(中山中路店),上城区,餐饮服务;中餐厅;火锅店,4.6,80
一个串说(万泰城店),上城区,餐饮服务;中餐厅;中餐厅,4.6,80
赶海去·海鲜烧烤小酒馆·团建·露营(萧山店),萧山区,餐饮服务;中餐厅;中餐厅,4.6,80
戒指龙虾.小龙虾.烧烤(下沙一店),钱塘区,餐饮服务;中餐厅;中餐厅,4.6,80
戒指龙虾·小龙虾·烧烤(九堡格畈店),上城区,餐饮服务;中餐厅;中餐厅,4.6,80
朱小喜龙虾馆(金莱店),萧山区,餐饮服务;中餐厅;海鲜酒楼,4.6,80
堂前屋后·开化山里菜(凯旋店),上城区,餐饮服务;中餐厅;中餐厅,4.6,81
吴记·寻味江南,上城区,餐饮服务;中餐厅;中餐厅,4.6,81
小红砂锅(三根桥店),富阳区,餐饮服务;中餐厅;中餐厅,4.6,81
蚂蚁洞烤肉料理(杭州亚奥万象天地店),萧山区,餐饮服务;中餐厅;中餐厅,4.6,81
木屋烧烤(江干天虹店),上城区,餐饮服务;中餐厅;特色/地方风味餐厅,4.6,82
蚝当家·海鲜龙虾烧烤(文二路店),西湖区,餐饮服务;中餐厅;中餐厅,4.6,82
瑔记·台州小馆·小龙虾(杭州首店),余杭区,餐饮服务;中餐厅;中餐厅,4.6,82
胖哥俩肉蟹煲(杭州天虹店),上城区,餐饮服务;快餐厅;肯德基,4.6,83
匠小灶·江浙菜(西湖·定安路店),上城区,餐饮服务;中餐厅;中餐厅,4.6,83
小舅妈社区老火锅(滨江天街店),滨江区,餐饮服务;中餐厅;火锅店,4.6,83
柴米夫妻老川菜·小龙虾(华中路店),拱墅区,餐饮服务;中餐厅;中餐厅,4.6,83
肉肉大米(杭州万象城店),上城区,餐饮服务;外国餐厅;日本料理,4.6,84
狐狸爱上椰子鸡(上城天虹店),上城区,餐饮服务;中餐厅;火锅店,4.6,84
一峤·Singapore浓汤蝦面,萧山区,餐饮服务;中餐厅;中餐厅,4.6,84
牛小花秘制炭火烤牛肉(新塘路景芳店),上城区,餐饮服务;餐饮相关场所;餐饮相关,4.6,84
厨创东北小酒馆(EFC新店),余杭区,餐饮服务;中餐厅;东北菜,4.6,84
寄畅興·百年蟹黄面·非遗杭帮菜(西湖庭院景观店),上城区,餐饮服务;中餐厅;中餐厅,4.6,85
王翁记石锅翅·乳鸽专门店,上城区,餐饮服务;快餐厅;快餐厅,4.6,85
徽姐姐徽菜·臭鳜鱼(潮王路店),拱墅区,餐饮服务;中餐厅;中餐厅,4.6,85
焰请烤肉铺子(杭州天虹购物中心店),上城区,餐饮服务;中餐厅;中餐厅,4.6,85
三两好友深夜食堂小龙虾·烤乳猪·罗氏虾(滨江店),滨江区,餐饮服务;中餐厅;中餐厅,4.6,85
山葵村烤肉(滨江星光大道店),滨江区,餐饮服务;外国餐厅;外国餐厅,4.6,85
李氏龙虾烧烤烤鱼(缔逸城商业街店),余杭区,餐饮服务;中餐厅;特色/地方风味餐厅,4.6,85
江浙荟(杭州湖滨in77店),上城区,餐饮服务;中餐厅;中餐厅,4.6,86
洞庭3000里·乡野湖南菜(杭州中心店),拱墅区,餐饮服务;中餐厅;中餐厅,4.6,86
凯旋烧烤(建国北路),拱墅区,餐饮服务;中餐厅;中餐厅,4.6,86
很久以前羊肉串(杭州来福士店),上城区,餐饮服务;中餐厅;特色/地方风味餐厅,4.6,87
苏小蟹·蟹黄面(西溪湿地博物馆店),西湖区,餐饮服务;中餐厅;中餐厅,4.6,87
小杨小黄鱼超人龙虾(景芳店),上城区,餐饮服务;中餐厅;特色/地方风味餐厅,4.6,87
蛙小侠(银隆B座店),萧山区,餐饮服务;中餐厅;中餐厅,4.6,88
大鱼徽州·皖南家宴(文二店),西湖区,餐饮服务;中餐厅;中餐厅,4.6,88
马氏脉舟东北清真菜(文一路店),西湖区,餐饮服务;餐饮相关场所;餐饮相关,4.6,88
李百蟹·湖景蟹黄面·望湖楼(西湖断桥店),西湖区,餐饮服务;中餐厅;海鲜酒楼,4.6,88
凹凹板正一把串·深夜食堂,拱墅区,餐饮服务;中餐厅;中餐厅,4.6,88
品蝦居小龙虾大闸蟹,拱墅区,餐饮服务;餐饮相关场所;餐饮相关,4.6,88
小马烧烤,上城区,餐饮服务;中餐厅;中餐厅,4.6,89
福临潮汕牛档·鲜烤牛肉·沙茶火锅·牛腩饭·烧烤,萧山区,餐饮服务;中餐厅;中餐厅,4.6,89
光头龙虾(丁桥店),上城区,餐饮服务;中餐厅;海鲜酒楼,4.6,89
小南门龙虾(天润店),萧山区,餐饮服务;餐饮相关场所;餐饮相关,4.6,89
味舵主重庆火锅(明星路店),萧山区,餐饮服务;中餐厅;火锅店,4.6,90
潮汕叶记鲜牛肉火锅(华星时代广场店),西湖区,餐饮服务;中餐厅;火锅店,4.6,90
肥猫·小龙虾·鲜货烧烤·炒菜大排档(杭州滨江区),滨江区,餐饮服务;中餐厅;中餐厅,4.6,90
鹤之乡·齐齐哈尔烤肉(秋涛路店),上城区,餐饮服务;中餐厅;中餐厅,4.6,91
费大厨辣椒炒肉(金沙天街店),钱塘区,餐饮服务;中餐厅;中餐厅,4.6,91
黄记老厨·传统杭帮菜(清泰街店),上城区,餐饮服务;中餐厅;浙江菜,4.6,92
张笨笨四川火锅(滨江天街店),滨江区,餐饮服务;中餐厅;火锅店,4.6,92
舟舢海鲜小馆·舟山小海鲜(西湖店),拱墅区,餐饮服务;中餐厅;海鲜酒楼,4.6,92
不老里·杭州本地菜(西湖长生路店),上城区,餐饮服务;中餐厅;浙江菜,4.6,93
小笨鸡潮汕煲店(杭州首店),上城区,餐饮服务;餐饮相关场所;餐饮相关,4.6,93
趣东北齐齐哈尔家庭烤肉,拱墅区,餐饮服务;中餐厅;中餐厅,4.6,93
COMMUNE幻师(杭州湖滨in77店),上城区,体育休闲服务;娱乐场所;酒吧|餐饮服务;中餐厅;中餐厅,4.6,93
蒲记·潮州夜档(凤起东路店),上城区,餐饮服务;餐饮相关场所;餐饮相关,4.6,94
阿盼鱼捞·斑鱼海鲜粥火锅·南国传承(杭州湖滨in77B区店),上城区,餐饮服务;中餐厅;火锅店,4.6,94
望江门小龙虾(西湖店),拱墅区,餐饮服务;中餐厅;海鲜酒楼,4.6,94
望江门小龙虾·烧烤(杭州总店),上城区,餐饮服务;中餐厅;中餐厅,4.6,95
四灶儿·地道杭帮菜(鼓楼1店),上城区,餐饮服务;中餐厅;中餐厅,4.6,95
玺炖·中国铁锅炖(亚奥万象天地店),萧山区,餐饮服务;中餐厅;中餐厅,4.6,95
舞麦UMAI日本料理(中山北路店),拱墅区,餐饮服务;外国餐厅;日本料理,4.6,95
八壶西餐·CLUB,萧山区,餐饮服务;餐饮相关场所;餐饮相关,4.6,95
Moss苔藓·创意融合料理,富阳区,餐饮服务;中餐厅;中餐厅,4.6,95
东北主烤官·老七龙虾(中豪五星国际店),上城区,餐饮服务;中餐厅;中餐厅,4.6,95
撒椒川念餐厅(转江街店),西湖区,餐饮服务;中餐厅;四川菜(川菜),4.6,96
竹村·烧鸟居酒屋(联合中心店),萧山区,餐饮服务;外国餐厅;日本料理,4.6,96
马大虾小龙虾(余杭店)杭城十星级大排档,余杭区,餐饮服务;餐饮相关场所;餐饮相关,4.6,96
戒指龙虾·小龙虾·烧烤(天城东路店),钱塘区,餐饮服务;餐饮相关场所;餐饮相关,4.6,96
杭百味·湖景杭帮菜(西湖店),上城区,餐饮服务;中餐厅;浙江菜,4.6,97
潮味鲜·鱼生虾生(黄姑山路店),西湖区,餐饮服务;中餐厅;中餐厅,4.6,97
和家轩顺德菜(朝晖店),拱墅区,餐饮服务;中餐厅;中餐厅,4.6,97
三两好友深夜食堂(萧山万象汇店),萧山区,餐饮服务;中餐厅;中餐厅,4.6,97
舟舢海鲜小馆·舟山小海鲜(钱江新城店),上城区,餐饮服务;中餐厅;海鲜酒楼,4.6,98
江南驿·二十余年创意杭帮味(运河店),拱墅区,餐饮服务;中餐厅;综合酒楼,4.6,98
容桂婆·顺德排档(杭州首店),余杭区,餐饮服务;中餐厅;中餐厅,4.6,98
沈厨臭鳜鱼·山野徽州土菜(高德置地店),上城区,餐饮服务;中餐厅;安徽菜(徽菜),4.6,98
萍姐火锅(天阳·明珠商业中心店),上城区,餐饮服务;中餐厅;火锅店,4.6,98
1987熬夜烧烤,上城区,餐饮服务;中餐厅;特色/地方风味餐厅,4.6,98
Fun.d方地餐厅,拱墅区,餐饮服务;中餐厅;中餐厅,4.6,98
马鸿兴·川小馆(杭州总店),上城区,餐饮服务;餐饮相关场所;餐饮相关,4.6,99
渔湘记本地特色鱼头馆,淳安县,餐饮服务;中餐厅;中餐厅,4.6,99
大川日本料理·深夜居酒屋(龙湖滨江天街),滨江区,餐饮服务;外国餐厅;日本料理,4.6,99
大川日本料理·烧鸟居酒屋(萧山加州阳光店),萧山区,餐饮服务;外国餐厅;日本料理,4.6,99
Patechin·窑炉披萨·西餐(杭州临平inPARK店),临平区,餐饮服务;外国餐厅;西餐厅(综合风味),4.6,99
国滨家宴·新味萧山菜(滨江店),滨江区,餐饮服务;中餐厅;中餐厅,4.6,100
薛飘飘火锅,滨江区,餐饮服务;中餐厅;火锅店,4.6,100
滨寿司(龙湖滨江天街店),滨江区,餐饮服务;外国餐厅;日本料理,4.6,100
俄士厨房(杭州城西银泰城店),拱墅区,餐饮服务;餐饮相关场所;餐饮相关,4.6,100
台舟半岛·台州菜·小海鲜(临平店),临平区,餐饮服务;餐饮相关场所;餐饮相关,4.6,100
昙花庵路(蜜雪冰城店),上城区,餐饮服务;冷饮店;冷饮店,4.5,7
瑞幸咖啡(迪凯国际店),上城区,餐饮服务;咖啡厅;咖啡厅,4.5,13
弯湾·爱生活茶饮铺(金牛坊店),上城区,餐饮服务;冷饮店;冷饮店,4.5,13
新丰小吃(太平门直街分店),上城区,餐饮服务;中餐厅;中餐厅,4.5,17
新丰小吃(高银街分店),上城区,餐饮服务;快餐厅;快餐厅,4.5,18
麦当劳(星耀中心店),滨江区,餐饮服务;快餐厅;麦当劳,4.5,20
麦当劳(杭州三里亭),上城区,餐饮服务;快餐厅;麦当劳,4.5,20
麦当劳(杭州莲荷里店),滨江区,餐饮服务;快餐厅;麦当劳,4.5,21
刘记私房菜(七贤郡店),余杭区,餐饮服务;中餐厅;中餐厅,4.5,22
一家咖啡(近江一园店),上城区,餐饮服务;咖啡厅;咖啡厅,4.5,23
麦当劳(下城区行政服务中心),拱墅区,餐饮服务;餐饮相关场所;餐饮相关,4.5,23
三毛烤鸡(景芳店),上城区,餐饮服务;餐饮相关场所;餐饮相关,4.5,24
Ora Coffee 杭州来福士店,上城区,餐饮服务;餐饮相关场所;餐饮相关,4.5,24
鸟鸟私房面(来福士臻选店),上城区,餐饮服务;中餐厅;中餐厅,4.5,25
德克士(滨江儿保店),滨江区,餐饮服务;快餐厅;快餐厅,4.5,25
麦当劳(保利中心店),上城区,餐饮服务;快餐厅;麦当劳,4.5,26
麦当劳(杭州西湖东坡酒店店),上城区,餐饮服务;快餐厅;麦当劳,4.5,26
肯德基(杭州之翼店),上城区,餐饮服务;快餐厅;肯德基,4.5,26
麦当劳(杭州高德置地广场餐厅),上城区,餐饮服务;快餐厅;快餐厅,4.5,27
汉堡王(杭州宁城大厦),萧山区,餐饮服务;快餐厅;快餐厅,4.5,27
麦当劳(碧桂园·深蓝国际店),萧山区,餐饮服务;快餐厅;麦当劳,4.5,28
老安徽砂锅(新民街店),临安区,餐饮服务;中餐厅;安徽菜(徽菜),4.5,28
Tims咖啡(501城市广场店),上城区,餐饮服务;咖啡厅;咖啡厅,4.5,28
朝山茶食,上城区,餐饮服务;餐饮相关场所;餐饮相关,4.5,28
麦当劳(杭州庆春路第二餐厅),拱墅区,餐饮服务;快餐厅;麦当劳,4.5,28
麦当劳(杭州萧山京港国际店),萧山区,餐饮服务;快餐厅;麦当劳,4.5,28
麦当劳(朝晖餐厅),拱墅区,餐饮服务;快餐厅;麦当劳,4.5,28
云屉记东北蒸饺菜馆,滨江区,餐饮服务;中餐厅;特色/地方风味餐厅,4.5,29
M Stand(杭州大厦501城市广场POP UP店),上城区,餐饮服务;咖啡厅;咖啡厅,4.5,29
麦当劳(杭州萧山平澜路餐厅),萧山区,餐饮服务;快餐厅;麦当劳,4.5,29
云姐东北蒸饺菜馆,滨江区,餐饮服务;中餐厅;特色/地方风味餐厅,4.5,30
星巴克咖啡(杭州优托邦时光1F2F),上城区,餐饮服务;咖啡厅;星巴克咖啡,4.5,30
星巴克(迪凯银座店),上城区,餐饮服务;咖啡厅;星巴克咖啡,4.5,30
星巴克臻选杭州万象城店,上城区,餐饮服务;咖啡厅;星巴克咖啡,4.5,30
星巴克臻选(庆春银泰百货店),上城区,餐饮服务;咖啡厅;星巴克咖啡,4.5,30
星巴克(中纺中心服装城店),上城区,餐饮服务;咖啡厅;星巴克咖啡,4.5,30
中原一大碗(湖滨店),上城区,餐饮服务;快餐厅;快餐厅,4.5,30
麦当劳(朝龙汇D+PARK店),萧山区,餐饮服务;快餐厅;麦当劳,4.5,30
肯德基(杭州永安店),上城区,餐饮服务;快餐厅;肯德基,4.5,30
麦当劳(映霞璟庭店),上城区,餐饮服务;快餐厅;麦当劳,4.5,31
肯德基(天成店),上城区,餐饮服务;快餐厅;肯德基,4.5,31
麦当劳(悦坊商场店),上城区,餐饮服务;餐饮相关场所;餐饮相关,4.5,32
麦当劳(杭州城投大厦店),上城区,餐饮服务;快餐厅;麦当劳,4.5,32
麦当劳(西湖文化广场店),拱墅区,餐饮服务;快餐厅;麦当劳,4.5,32
肯德基(中赢国际店),滨江区,餐饮服务;快餐厅;肯德基,4.5,32
肯德基(杭州复兴店),上城区,餐饮服务;快餐厅;肯德基,4.5,32
麦当劳(杭州拱墅区和平大厦),拱墅区,餐饮服务;快餐厅;麦当劳,4.5,32
肯德基(庆春店),拱墅区,餐饮服务;快餐厅;肯德基,4.5,33
麦当劳(三花国际大厦店),上城区,餐饮服务;快餐厅;快餐厅,4.5,33
肯德基(新塘世纪联华店),上城区,餐饮服务;快餐厅;肯德基,4.5,34
山崎家Curry咖喱食堂(奥体银泰店),滨江区,餐饮服务;外国餐厅;日本料理,4.5,34
麦当劳(钱江新城迪凯银座),上城区,餐饮服务;快餐厅;麦当劳,4.5,35
酉今·台粤小食堂(RESIMPLE萧山万象汇店),萧山区,餐饮服务;中餐厅;中餐厅,4.5,35
原香木桶饭川湘菜馆(萧山万象汇店),萧山区,餐饮服务;中餐厅;中餐厅,4.5,35
舟山海鲜烧烤(杭州总店),上城区,餐饮服务;中餐厅;海鲜酒楼|餐饮服务;中餐厅;火锅店,4.5,35
肯德基(星光店),滨江区,餐饮服务;快餐厅;肯德基,4.5,35
肯德基(杭州武林服饰城店),拱墅区,餐饮服务;快餐厅;肯德基,4.5,35
肯德基(杭州湖滨店),上城区,餐饮服务;快餐厅;肯德基,4.5,36
皖北囍阿婆地锅鸡,临安区,餐饮服务;中餐厅;中餐厅,4.5,37
王繁星面馆(杭州万象城店),上城区,餐饮服务;中餐厅;中餐厅,4.5,38
顺德干蒸菜砂锅粥,萧山区,餐饮服务;中餐厅;中餐厅,4.5,38
肯德基(杭州断桥店),西湖区,餐饮服务;快餐厅;肯德基,4.5,38
故里百味药膳鸡(杭州总店),上城区,餐饮服务;中餐厅;中餐厅,4.5,39
STAY COFFEE(月季公寓店),上城区,餐饮服务;咖啡厅;咖啡厅,4.5,39
高粱屯东北铁锅炖,余杭区,餐饮服务;中餐厅;东北菜,4.5,40
胖子烧烤(长明寺巷店),上城区,餐饮服务;中餐厅;特色/地方风味餐厅,4.5,41
born.coffee(三堡家园南区店),上城区,餐饮服务;咖啡厅;咖啡厅,4.5,42
老阚东北铁锅炖(中茵大厦店),西湖区,餐饮服务;中餐厅;中餐厅,4.5,43
兰湘子·湘菜小炒(杭州萧山银泰店),萧山区,餐饮服务;中餐厅;湖南菜(湘菜),4.5,44
滋啦灶东北菜,萧山区,餐饮服务;中餐厅;中餐厅,4.5,45
锅武林·地锅鸡·东北烧烤小酒馆(长龙路乐创城店),萧山区,餐饮服务;餐饮相关场所;餐饮相关,4.5,46
萨莉亚意式餐厅(龙湖杭州西溪天街店),西湖区,餐饮服务;外国餐厅;意式菜品餐厅,4.5,46
阿炳爆鳝面(清河坊历史文化特色街区店),上城区,餐饮服务;快餐厅;快餐厅,4.5,46
必胜客(杭州解百店),上城区,餐饮服务;快餐厅;必胜客,4.5,46
孔岳冒菜(高德置地店),上城区,餐饮服务;中餐厅;中餐厅,4.5,47
湘先生米小姐(EFC LIVE欧美广场店),余杭区,餐饮服务;中餐厅;湖南菜(湘菜),4.5,47
举炊·寻湘记·湖南菜(大象城店),西湖区,餐饮服务;中餐厅;中餐厅,4.5,47
湘先生米小姐(杭州七堡花园城店),上城区,餐饮服务;中餐厅;湖南菜(湘菜),4.5,47
如意餐馆(万向路店货真价实店),萧山区,餐饮服务;中餐厅;中餐厅,4.5,47
小拜年锅包肉,上城区,餐饮服务;中餐厅;中餐厅,4.5,47
彭兜兜.地道湖南土菜.烧烤.小龙虾(仓南里MEET636店),余杭区,餐饮服务;中餐厅;中餐厅,4.5,47
% Arabica阿拉比卡咖啡(万象城店),上城区,餐饮服务;咖啡厅;咖啡厅,4.5,48
糊妞靓姐顺德干蒸菜(美塘店),余杭区,餐饮服务;餐饮相关场所;餐饮相关,4.5,49
湘先生米小姐湖南小炒(古墩路印象城店),西湖区,餐饮服务;中餐厅;湖南菜(湘菜),4.5,50
年年不忘下饭菜(滨江宝龙店),滨江区,餐饮服务;中餐厅;中餐厅,4.5,50
厨创东北大厨(杭州大厦501店),上城区,餐饮服务;中餐厅;中餐厅,4.5,50
鱼生有饭·生鱼饭(杭州首店),拱墅区,餐饮服务;中餐厅;中餐厅,4.5,50
皖宴地锅鸡·地锅鱼,临平区,餐饮服务;中餐厅;中餐厅,4.5,51
裕莲茶楼(杭州万象城店),上城区,餐饮服务;餐饮相关场所;餐饮相关,4.5,51
绿茶餐厅(杭州西湖文化广场店),拱墅区,餐饮服务;中餐厅;中餐厅,4.5,52
湘先生米小姐(亲橙里购物中心店),余杭区,餐饮服务;中餐厅;湖南菜(湘菜),4.5,52
老六小炒肉(杭州大悦城店),拱墅区,餐饮服务;餐饮相关场所;餐饮相关,4.5,52
聚福阁东北铁锅炖(滨江开元广场店),滨江区,餐饮服务;中餐厅;东北菜,4.5,52
皖宴地锅鸡(瑞聚大厦店),临平区,餐饮服务;中餐厅;中餐厅,4.5,53
萨莉亚意式餐厅(国大城市广场店),拱墅区,餐饮服务;外国餐厅;意式菜品餐厅,4.5,53
兄弟龙虾(广苑小区店),临安区,餐饮服务;中餐厅;中餐厅,4.5,53
拉哥烧烤龙虾馆(沈塘桥店),拱墅区,餐饮服务;中餐厅;中餐厅,4.5,54
小菜园新徽菜(杭州江干天虹店),上城区,餐饮服务;中餐厅;安徽菜(徽菜),4.5,55
湘先生米小姐(EAC世贸丽晶城店),西湖区,餐饮服务;中餐厅;湖南菜(湘菜),4.5,55
湘先生米小姐(临安人民广场店),临安区,餐饮服务;中餐厅;湖南菜(湘菜),4.5,55
小菜园新徽菜(杭州上城龙湖店),上城区,餐饮服务;中餐厅;安徽菜(徽菜),4.5,55
小菜园新徽菜(杭州滨江宝龙店),滨江区,餐饮服务;中餐厅;安徽菜(徽菜),4.5,55
小菜园新徽菜(杭州余杭万达店),余杭区,餐饮服务;中餐厅;安徽菜(徽菜),4.5,55
小菜园新徽菜(杭州萧山银隆百货店),萧山区,餐饮服务;中餐厅;中餐厅,4.5,55
小菜园新徽菜(杭州钱塘永旺店),钱塘区,餐饮服务;中餐厅;中餐厅,4.5,55
小菜园新徽菜(杭州滨江开元店),滨江区,餐饮服务;中餐厅;安徽菜(徽菜),4.5,55
湘先生米小姐(滨江宝龙店),滨江区,餐饮服务;中餐厅;中餐厅,4.5,56
湖南人家私房菜馆(上尚城店),余杭区,餐饮服务;中餐厅;湖南菜(湘菜),4.5,56
东北大院(空港新天地店),萧山区,餐饮服务;中餐厅;中餐厅,4.5,56
厨创东北老家(新天地购物中心店),拱墅区,餐饮服务;中餐厅;东北菜,4.5,56
蛮涮自助小火锅·糖水铺子集合店(滨江银泰店),滨江区,餐饮服务;中餐厅;火锅店,4.5,57
蛮涮自助小火锅·糖水铺子集合店(金沙印象城店),钱塘区,餐饮服务;中餐厅;火锅店,4.5,57
蛮涮自助小火锅·糖水铺子集合店(杭州滨江天街店),滨江区,餐饮服务;中餐厅;火锅店,4.5,57
蛮涮自助小火锅·糖水铺子集合店(滨江宝龙店),滨江区,餐饮服务;中餐厅;火锅店,4.5,57
蛮涮自助小火锅·糖水铺子集合店(七堡花园城店),上城区,餐饮服务;中餐厅;火锅店,4.5,57
蛮涮自助小火锅·糖水铺子集合店(杭州上城天街店),上城区,餐饮服务;中餐厅;火锅店,4.5,57
星平鸡饭·粤菜小炒(来福士店),上城区,餐饮服务;中餐厅;中餐厅,4.5,58
举炊·寻湘记·湖南菜(西子丁兰广场店),上城区,餐饮服务;中餐厅;湖南菜(湘菜),4.5,58
叭嘴湘·湖南下饭菜(乐创城店),萧山区,餐饮服务;中餐厅;湖南菜(湘菜),4.5,58
吉豚屋(杭州湖滨in77C3区店),上城区,餐饮服务;外国餐厅;日本料理,4.5,58
必胜客(杭州转塘华润店),西湖区,餐饮服务;快餐厅;必胜客,4.5,58
火龙堂·龙虾羊排烧烤精酿(文一路店),西湖区,餐饮服务;中餐厅;中餐厅,4.5,58
星平鸡饭·粤菜小炒(杭州东站万象汇店),上城区,餐饮服务;中餐厅;广东菜(粤菜),4.5,59
费大厨辣椒炒肉(杭州大悦城店),拱墅区,餐饮服务;中餐厅;中餐厅,4.5,59
湘先生米小姐(金沙印象城店),钱塘区,餐饮服务;中餐厅;湖南菜(湘菜),4.5,59
炉鱼(杭州湖滨88店),上城区,餐饮服务;中餐厅;中餐厅,4.5,60
万州烤鱼烧烤龙虾炒菜,余杭区,餐饮服务;中餐厅;中餐厅,4.5,60
黔家婆酸汤鲜牛肉火锅,上城区,餐饮服务;餐饮相关场所;餐饮相关,4.5,61
溢湘堂湖南山里味(上亿彩虹郡店),余杭区,餐饮服务;中餐厅;湖南菜(湘菜),4.5,61
大俺徽地锅鸡(东站祥生中心店),上城区,餐饮服务;中餐厅;火锅店,4.5,61
厨创东北大厨(闲林埠店),余杭区,餐饮服务;中餐厅;东北菜,4.5,61
吃过瘾小龙虾(下沙宝龙店),钱塘区,餐饮服务;中餐厅;中餐厅,4.5,61
富红姐鱼头,富阳区,餐饮服务;中餐厅;中餐厅,4.5,62
老吴家·老杭州菜·川菜(西湖湖滨店),上城区,餐饮服务;中餐厅;四川菜(川菜)|餐饮服务;中餐厅;浙江菜,4.5,63
鹊拾湘·现炒黄牛肉(新天地购物中心店),拱墅区,餐饮服务;中餐厅;湖南菜(湘菜),4.5,63
徽小馆,上城区,餐饮服务;中餐厅;中餐厅,4.5,63
博多天一天妇罗·牛排饭(滨江天街店),滨江区,餐饮服务;外国餐厅;外国餐厅,4.5,63
豪过瘾牛排自助餐厅(萧山开元广场店),萧山区,餐饮服务;外国餐厅;外国餐厅,4.5,63
必胜客(杭州滨江店),滨江区,餐饮服务;快餐厅;必胜客,4.5,63
杭小馆·创意杭帮菜,拱墅区,餐饮服务;中餐厅;中餐厅,4.5,64
江南忆·融合杭帮私房菜,西湖区,餐饮服务;中餐厅;中餐厅,4.5,64
鹊拾湘·金奖现炒黄牛肉(国芳天街店),上城区,餐饮服务;中餐厅;中餐厅,4.5,64
安徽菜馆(横塘6区南区店),上城区,餐饮服务;中餐厅;安徽菜(徽菜),4.5,64
一路吃·新杭州杭帮菜菜馆(音乐喷泉店),上城区,餐饮服务;中餐厅;四川菜(川菜)|餐饮服务;中餐厅;浙江菜,4.5,65
绿茶餐厅(滨江龙湖店),滨江区,餐饮服务;中餐厅;浙江菜,4.5,65
举炊·寻湘记·湖南菜(东站汇和城店),上城区,餐饮服务;中餐厅;中餐厅,4.5,65
松花江上·东北小馆(莲荷里店),滨江区,餐饮服务;中餐厅;东北菜,4.5,65
安徽地锅鸡(九堡家苑店),上城区,餐饮服务;中餐厅;安徽菜(徽菜),4.5,66
杭州酒家(钱江新城市民中心店),上城区,餐饮服务;中餐厅;中餐厅,4.5,67
厨创东北大厨(金沙印象城店),钱塘区,餐饮服务;餐饮相关场所;餐饮相关,4.5,67
曹有钱串烧酒馆,上城区,餐饮服务;外国餐厅;日本料理,4.5,67
绿茶餐厅(西投银泰城店),西湖区,餐饮服务;中餐厅;浙江菜,4.5,67
東大方(杭州未来城一号店),余杭区,餐饮服务;中餐厅;中餐厅,4.5,68
菲滋意式餐厅(拱墅新天地店),拱墅区,餐饮服务;外国餐厅;外国餐厅,4.5,68
菲滋意式餐厅(萧山瓜沥七彩小镇店),萧山区,餐饮服务;外国餐厅;意式菜品餐厅,4.5,68
菲滋意式餐厅(萧山加州阳光二店),萧山区,餐饮服务;外国餐厅;意式菜品餐厅,4.5,68
菲滋意式餐厅(星光大道店),滨江区,餐饮服务;外国餐厅;意式菜品餐厅,4.5,68
菲滋意式餐厅(杭州转塘奥莱金街店),西湖区,餐饮服务;外国餐厅;意式菜品餐厅,4.5,68
菲滋意式餐厅(杭州古墩路印象城店),西湖区,餐饮服务;外国餐厅;意式菜品餐厅,4.5,68
菲滋意式餐厅(杭州五福天虹店),上城区,餐饮服务;外国餐厅;意式菜品餐厅|餐饮服务;外国餐厅;西餐厅(综合风味),4.5,68
菲滋意式餐厅(余杭万达店),余杭区,餐饮服务;外国餐厅;意式菜品餐厅,4.5,68
大渔农特色烤鱼·烧烤·小龙虾(崇贤佳源名城店),临平区,餐饮服务;中餐厅;中餐厅,4.5,68
四川老头烤鱼龙虾川菜馆(智格店),钱塘区,餐饮服务;中餐厅;特色/地方风味餐厅|餐饮服务;中餐厅;四川菜(川菜),4.5,68
九龙大排档小龙虾烤鱼,西湖区,餐饮服务;中餐厅;中餐厅,4.5,69
大牌大传统菜(湖滨店),上城区,餐饮服务;中餐厅;中餐厅,4.5,70
巡湘记?乡野湖南菜(杭州湖滨in77店),上城区,餐饮服务;中餐厅;湖南菜(湘菜),4.5,70
巡湘记?乡野湖南菜(龙湖杭州西溪天街店),西湖区,餐饮服务;中餐厅;湖南菜(湘菜),4.5,70
巡湘记?乡野湖南菜(杭州奥体印象城店),萧山区,餐饮服务;中餐厅;湖南菜(湘菜),4.5,70
巡湘记?乡野湖南菜(城北万象城店),余杭区,餐饮服务;中餐厅;湖南菜(湘菜),4.5,70
厨创东北大厨(金帝T-ONE MO店),萧山区,餐饮服务;中餐厅;中餐厅,4.5,70
浙皖饭店,建德市,餐饮服务;中餐厅;中餐厅,4.5,71
厨创东北大厨(大悦城店),拱墅区,餐饮服务;中餐厅;中餐厅,4.5,71
望湖小馆,上城区,餐饮服务;中餐厅;中餐厅,4.5,72
天竺人家·杭州土菜(西湖灵隐寺13年老店),西湖区,餐饮服务;中餐厅;浙江菜,4.5,72
蛙来哒(萧山银泰店),萧山区,餐饮服务;中餐厅;中餐厅,4.5,72
东厢记乌猪小炒肉,上城区,餐饮服务;中餐厅;湖南菜(湘菜),4.5,72
皖碗地锅鸡(万美商务中心店),西湖区,餐饮服务;中餐厅;中餐厅,4.5,72
阿勇烧烤(凯旋路店),上城区,餐饮服务;中餐厅;特色/地方风味餐厅,4.5,72
串王阿三烧烤·酒场·烤鱼(吴山广场江城路店),上城区,餐饮服务;中餐厅;中餐厅,4.5,72
炉鱼(杭州天虹购物中心店),上城区,餐饮服务;中餐厅;中餐厅,4.5,73
东北特色铁锅炖(青云桥店),富阳区,餐饮服务;中餐厅;中餐厅,4.5,73
厨创东北大厨(亲橙里店),余杭区,餐饮服务;中餐厅;中餐厅,4.5,73
胖子食府·衢州菜小龙虾烧烤(西湖店),拱墅区,餐饮服务;中餐厅;中餐厅,4.5,74
正宗万州烤魚烧烤小龙虾,滨江区,餐饮服务;中餐厅;特色/地方风味餐厅|餐饮服务;中餐厅;四川菜(川菜),4.5,74
鹊拾湘·金奖现炒黄牛肉(杭州来福士店),上城区,餐饮服务;中餐厅;湖南菜(湘菜),4.5,75
巡湘记·乡野湖南菜(杭州金沙龙湖店),钱塘区,餐饮服务;中餐厅;湖南菜(湘菜),4.5,75
浙皖楼饭店,淳安县,餐饮服务;中餐厅;中餐厅,4.5,75
达美乐比萨(滨盛路店),滨江区,餐饮服务;快餐厅;快餐厅,4.5,75
达美乐比萨(振兴西路店),临平区,餐饮服务;中餐厅;中餐厅,4.5,75
达美乐比萨(天城路店),上城区,餐饮服务;快餐厅;快餐厅,4.5,75
达美乐比萨(裕隆大厦店),萧山区,餐饮服务;快餐厅;快餐厅,4.5,75
达美乐比萨(明石路德金中心店),上城区,餐饮服务;快餐厅;快餐厅,4.5,75
办肆小馆徐州烧烤炒菜(莲荷里店),滨江区,餐饮服务;中餐厅;中餐厅,4.5,76
壹品轩·东坡家宴(西湖店),上城区,餐饮服务;中餐厅;中餐厅,4.5,77
豪客来牛排(杭州天空之翼餐厅),上城区,餐饮服务;外国餐厅;牛扒店(扒房),4.5,77
豪客来牛排(杭州天阳D32餐厅),拱墅区,餐饮服务;外国餐厅;牛扒店(扒房),4.5,77
江南龙虾纸包鱼(滨江宝龙店),滨江区,餐饮服务;餐饮相关场所;餐饮相关,4.5,77
财多多烧烤小排档·烧烤·小龙虾,萧山区,餐饮服务;餐饮相关场所;餐饮相关,4.5,78
虞记小龙虾大闸蟹(育才路店),萧山区,餐饮服务;中餐厅;中餐厅,4.5,78
姜胖胖韩式自助烤肉(庆春银泰店),上城区,餐饮服务;餐饮相关场所;餐饮相关,4.5,79
杭百味·精选江浙菜(虎跑店),西湖区,餐饮服务;中餐厅;中餐厅,4.5,79
厨创东北老家(信义坊),拱墅区,餐饮服务;中餐厅;东北菜,4.5,79
缦云里花园餐厅(秦望水街店),富阳区,餐饮服务;外国餐厅;西餐厅(综合风味),4.5,79
太二酸菜鱼(杭州万象城店),上城区,餐饮服务;中餐厅;火锅店,4.5,80
太二酸菜鱼(杭州东站万象汇店),上城区,餐饮服务;中餐厅;四川菜(川菜),4.5,80
太二酸菜鱼(杭州龙湖紫荆天街店),西湖区,餐饮服务;中餐厅;中餐厅,4.5,80
有牛在鲜潮汕牛肉火锅(城北招商花园城店),临平区,餐饮服务;中餐厅;火锅店,4.5,80
戒指龙虾·小龙虾·烧烤(天润中心店),萧山区,餐饮服务;中餐厅;特色/地方风味餐厅,4.5,80
戒指龙虾(大江东店),钱塘区,餐饮服务;中餐厅;中餐厅,4.5,80
老底子饭盒烤肉·东北菜·东北烧烤(原凤山路店),上城区,餐饮服务;外国餐厅;外国餐厅,4.5,81
木屋烧烤(上城平安金融中心店),上城区,餐饮服务;中餐厅;特色/地方风味餐厅,4.5,82
头牌·鹤岗烧烤东北菜(文三店),西湖区,餐饮服务;餐饮相关场所;餐饮相关,4.5,82
厨创东北大厨(奥体印象城店),萧山区,餐饮服务;中餐厅;东北菜,4.5,83
特色碳烤羊腿·龙虾,西湖区,餐饮服务;中餐厅;特色/地方风味餐厅,4.5,83
小洋哥东北大油边儿-小龙虾(拱墅店),拱墅区,餐饮服务;中餐厅;中餐厅,4.5,83
趣东北·烤肉火锅·放题自助(D32店),拱墅区,餐饮服务;中餐厅;中餐厅,4.5,84
小两口大排挡,滨江区,餐饮服务;中餐厅;特色/地方风味餐厅,4.5,84
豪尚豪牛排馆(凤起店),拱墅区,餐饮服务;外国餐厅;牛扒店(扒房),4.5,85
泉水羊肉炉烧烤龙虾(西田城店),余杭区,餐饮服务;中餐厅;中餐厅,4.5,86
小明家烤羊吧盱眙龙虾,滨江区,餐饮服务;中餐厅;火锅店,4.5,86
狂野牛牛·岩烤牛排西餐厅(亚奥万象天地店),萧山区,餐饮服务;外国餐厅;西餐厅(综合风味),4.5,87
肆野集·猛火菜·露营烧烤·啤酒,上城区,餐饮服务;餐饮相关场所;餐饮相关,4.5,88
老城区烧烤小酒馆·小龙虾(西湖店),上城区,餐饮服务;中餐厅;中餐厅,4.5,90
淳安县潮汕牛肉馆,淳安县,餐饮服务;中餐厅;中餐厅,4.5,91
四灶儿·地道杭帮菜(鼓楼二店),上城区,餐饮服务;中餐厅;中餐厅,4.5,92
西西梨Brunch&Lounge(杭州湖滨88店),上城区,餐饮服务;餐饮相关场所;餐饮相关,4.5,93
阿婆·给鸟烧鸟暖锅煎饺(文二菜市店),西湖区,餐饮服务;餐饮相关场所;餐饮相关,4.5,96
王市井龙虾·鲜货烧烤大排档(万塘汇店),西湖区,餐饮服务;中餐厅;海鲜酒楼,4.5,96
泷川本铺(工联cc店),上城区,餐饮服务;餐饮相关场所;餐饮相关,4.5,97
八合里潮汕鲜牛肉火锅(杭州湖滨in77E区店),上城区,餐饮服务;餐饮相关场所;餐饮相关,4.5,98
洞庭3000里·乡野湖南菜,上城区,餐饮服务;餐饮相关场所;餐饮相关,4.5,98
沈厨臭 鳜鱼·山野徽州土菜(阿里亲橙里店),余杭区,餐饮服务;中餐厅;中餐厅,4.5,98
新疆一只羊烧烤(景秋公寓店),上城区,餐饮服务;中餐厅;中餐厅,4.5,98
老四川平头酸菜鱼(衙前店),萧山区,餐饮服务;中餐厅;海鲜酒楼,4.5,99
Muen慕恩艺术.生日.聚会餐厅,拱墅区,餐饮服务;外国餐厅;西餐厅(综合风味),4.5,99
久旦·鲜串烧鸟(华家池店),上城区,餐饮服务;中餐厅;中餐厅,4.5,100
三两好友深夜食堂富阳店·小龙虾·焗海鲜·烤乳猪,富阳区,餐饮服务;中餐厅;中餐厅,4.5,100
