排名,name,adname,type,rating,cost,性价比
1,老姑东北人(立涛园店),萧山区,餐饮服务;中餐厅;东北菜,4.9,78,1.1214
2,老秦凉都黄牛肉馆(滨江总店),滨江区,餐饮服务;中餐厅;中餐厅,4.9,78,1.1214
3,湘香蒸菜馆(湘湖路店),萧山区,餐饮服务;中餐厅;湖南菜(湘菜),4.9,83,1.1059
4,老秦凉都黄牛肉馆(萧山店),萧山区,餐饮服务;中餐厅;中餐厅,4.9,83,1.1059
5,老秦凉都黄牛肉馆(市心北路店),萧山区,餐饮服务;中餐厅;中餐厅,4.9,85,1.1
6,本分冒菜(元天科技店),滨江区,餐饮服务;快餐厅;快餐厅,4.8,46,1.2467
7,荆九爷爆炒桥头三嫩(萧山店),萧山区,餐饮服务;中餐厅;特色/地方风味餐厅,4.8,55,1.1924
8,荆九爷爆炒桥头三嫩(滨江店),滨江区,餐饮服务;中餐厅;四川菜(川菜),4.8,55,1.1924
9,THREE FINGERS,西湖区,体育休闲服务;娱乐场所;酒吧|餐饮服务;快餐厅;快餐厅,4.8,60,1.1676
10,岳阳楼(滨兴小区店),滨江区,餐饮服务;餐饮相关场所;餐饮相关,4.8,62,1.1585
11,江渔儿成都冷锅鱼(浙港国际店),西湖区,餐饮服务;中餐厅;中餐厅,4.8,66,1.1416
12,荆九爷爆炒桥头三嫩(东站店),上城区,餐饮服务;中餐厅;中餐厅,4.8,67,1.1376
13,福泰来(北景园店),拱墅区,餐饮服务;中餐厅;东北菜,4.8,69,1.1298
14,小牛滚滚贵州黄牛肉火锅(中财店),滨江区,餐饮服务;中餐厅;火锅店,4.8,71,1.1224
15,鸟鸟好吃店·成都土砂锅串串(杭州总店),萧山区,餐饮服务;中餐厅;火锅店,4.8,75,1.1084
16,周姐焦烤鸡架·东北烧烤夜宵,滨江区,餐饮服务;中餐厅;中餐厅,4.8,77,1.1017
17,阿英川菜馆(丰潭路店),拱墅区,餐饮服务;中餐厅;四川菜(川菜),4.8,80,1.0923
18,刘老根·东北烧烤酒场(闻涛观潮店),滨江区,餐饮服务;餐饮相关场所;餐饮相关,4.8,80,1.0923
19,老秦凉都黄牛肉馆(星耀城店),滨江区,餐饮服务;中餐厅;中餐厅,4.8,80,1.0923
20,周姐焦烤鸡架·东北烧烤夜宵(隆和国际店),滨江区,餐饮服务;餐饮相关场所;餐饮相关,4.8,81,1.0892
21,叶老头碳炉草本鸡煲(杭州滨江店),滨江区,餐饮服务;中餐厅;中餐厅,4.8,86,1.0748
22,黄龙海鲜大排档(三墩店),西湖区,餐饮服务;中餐厅;海鲜酒楼,4.8,87,1.0721
23,金匠寿司(宝龙城店),滨江区,餐饮服务;外国餐厅;日本料理,4.8,89,1.0667
24,宽马记大排档·热鲜牛肉海鲜火锅(杭州首店),富阳区,餐饮服务;中餐厅;火锅店,4.8,90,1.0641
25,环球渔市,余杭区,餐饮服务;中餐厅;海鲜酒楼,4.8,90,1.0641
26,中国凉都黄牛肉馆,余杭区,餐饮服务;中餐厅;中餐厅,4.8,93,1.0565
27,照云川菜(萧山店),萧山区,餐饮服务;中餐厅;四川菜(川菜),4.8,96,1.0492
28,庆春食堂(国有资本投资大厦店),上城区,餐饮服务;餐饮相关场所;餐饮相关,4.8,97,1.0469
29,三两好友深夜食堂钱江世纪城店(焗海鲜·烤乳猪·罗氏虾),萧山区,餐饮服务;中餐厅;中餐厅,4.8,100,1.0401
30,重庆四间火锅(杭州首店),滨江区,餐饮服务;餐饮相关场所;餐饮相关,4.7,13,1.7809
31,陕西罗家凉皮,上城区,餐饮服务;中餐厅;中餐厅,4.7,19,1.5689
32,楠哥煎饺,上城区,餐饮服务;中餐厅;特色/地方风味餐厅,4.7,19,1.5689
33,绝美嘉海鲜馄饨(杭州总店),拱墅区,餐饮服务;快餐厅;快餐厅,4.7,23,1.4789
34,崔酱,拱墅区,餐饮服务;餐饮相关场所;餐饮相关,4.7,26,1.426
35,郑阿公顺德鸡煲饭双皮奶(东站店),上城区,餐饮服务;中餐厅;中餐厅,4.7,28,1.3958
36,郑阿公顺德鸡煲饭双皮奶(八方城店),余杭区,餐饮服务;中餐厅;中餐厅,4.7,28,1.3958
37,竹仙制麵·GINZA鶏白汤拉麺(兴耀·星澳商务中心店),滨江区,餐饮服务;餐饮相关场所;餐饮相关,4.7,32,1.3442
38,肥悦冒菜,上城区,餐饮服务;中餐厅;中餐厅,4.7,36,1.3016
39,郑阿公顺德鸡煲饭双皮奶(滨江宝龙店),滨江区,餐饮服务;中餐厅;中餐厅,4.7,38,1.2829
40,三冬麻辣串,余杭区,餐饮服务;中餐厅;中餐厅,4.7,39,1.2741
41,满丼肉剧场,拱墅区,餐饮服务;外国餐厅;日本料理,4.7,39,1.2741
42,单羊世家·单县羊肉汤(景昙店),上城区,餐饮服务;餐饮相关场所;餐饮相关,4.7,40,1.2656
43,咸鱼仔饮食店,滨江区,餐饮服务;中餐厅;中餐厅,4.7,40,1.2656
44,如意Teppanyaki,上城区,餐饮服务;餐饮相关场所;餐饮相关,4.7,40,1.2656
45,重庆小天鹅麻辣烫(凤起路店),上城区,餐饮服务;中餐厅;特色/地方风味餐厅,4.7,41,1.2575
46,复兴面王(河东路店),拱墅区,餐饮服务;快餐厅;快餐厅,4.7,41,1.2575
47,后生仔.潮汕小馆(滨江店),滨江区,餐饮服务;中餐厅;中餐厅,4.7,42,1.2496
48,111white三白咖啡·西餐(银湖美和院店),富阳区,餐饮服务;餐饮相关场所;餐饮相关,4.7,42,1.2496
49,No Coffee無咖,上城区,餐饮服务;咖啡厅;咖啡厅,4.7,43,1.242
50,问疆新疆手抓饭(太平门直街店),上城区,餐饮服务;中餐厅;特色/地方风味餐厅,4.7,45,1.2276
51,巷儿里餐厅·杭帮菜(信义坊步行街店),拱墅区,餐饮服务;中餐厅;中餐厅,4.7,45,1.2276
52,巷子里湘菜馆(八年湘守),拱墅区,餐饮服务;中餐厅;湖南菜(湘菜),4.7,45,1.2276
53,HELLO COFFEE·咖啡,上城区,餐饮服务;咖啡厅;咖啡厅,4.7,45,1.2276
54,山野饭堂.融合家常菜(滨江店),滨江区,餐饮服务;中餐厅;四川菜(川菜),4.7,47,1.2141
55,颖姐鲜烫牛肉汤(旭辉春江悦茗店),萧山区,餐饮服务;中餐厅;中餐厅,4.7,47,1.2141
56,盐蘸牛肉,上城区,餐饮服务;中餐厅;中餐厅,4.7,49,1.2014
57,芳芳跷脚牛肉 (高沙店),钱塘区,餐饮服务;中餐厅;中餐厅,4.7,50,1.1954
58,孔岳冒菜(临平店),临平区,餐饮服务;中餐厅;中餐厅,4.7,50,1.1954
59,小湘村湘菜(滨兴小区东区店),滨江区,餐饮服务;中餐厅;湖南菜(湘菜),4.7,50,1.1954
60,大嘴巴湘菜馆·干煸小龙虾(奥体店),萧山区,餐饮服务;中餐厅;湖南菜(湘菜),4.7,50,1.1954
61,面屋目一,滨江区,餐饮服务;中餐厅;中餐厅,4.7,50,1.1954
62,DaP,上城区,餐饮服务;咖啡厅;咖啡厅,4.7,51,1.1895
63,蓝瓶咖啡(杭州万象城店),上城区,餐饮服务;咖啡厅;咖啡厅,4.7,52,1.1838
64,荆九爷爆炒桥头三嫩(滨江滨悦城店),滨江区,餐饮服务;中餐厅;中餐厅,4.7,55,1.1676
65,荆九爷爆炒桥头三嫩(新天地店),拱墅区,餐饮服务;中餐厅;中餐厅,4.7,55,1.1676
66,小菜园新徽菜(杭州东站万象汇店),上城区,餐饮服务;中餐厅;中餐厅,4.7,55,1.1676
67,一席地·本地鸡窝(金田店),西湖区,餐饮服务;中餐厅;火锅店,4.7,55,1.1676
68,東家猪杂粥覓味馆·干蒸菜(杭州萧杭人家店),萧山区,餐饮服务;中餐厅;中餐厅,4.7,56,1.1625
69,马丫东北饭儿(未来科技城店),余杭区,餐饮服务;中餐厅;中餐厅,4.7,56,1.1625
70,西湖D11,拱墅区,餐饮服务;中餐厅;综合酒楼,4.7,56,1.1625
71,荆九爷爆炒桥头三嫩(下沙店),钱塘区,餐饮服务;中餐厅;中餐厅,4.7,57,1.1575
72,湘约屋坎上·土家民族菜·不改湘西味(三花国际总店),上城区,餐饮服务;中餐厅;湖南菜(湘菜),4.7,57,1.1575
73,大俺徽地锅鸡(御金台),萧山区,餐饮服务;中餐厅;中餐厅,4.7,57,1.1575
74,幸福年铁锅炖熏酱小酒馆(高沙店),钱塘区,餐饮服务;餐饮相关场所;餐饮相关,4.7,57,1.1575
75,23号墙门菜,拱墅区,餐饮服务;中餐厅;中餐厅,4.7,58,1.1527
76,孔岳冒菜(无忧店),萧山区,餐饮服务;餐饮相关场所;餐饮相关,4.7,58,1.1527
77,龍歌自助小火锅(银隆百货A座店),萧山区,餐饮服务;中餐厅;火锅店,4.7,58,1.1527
78,孔岳冒菜(彭埠店),上城区,餐饮服务;餐饮相关场所;餐饮相关,4.7,59,1.1479
79,山重浪重庆耙火锅(杭州萧山店),萧山区,餐饮服务;中餐厅;火锅店,4.7,59,1.1479
80,迎春·东北老菜儿(西湖店),西湖区,餐饮服务;中餐厅;中餐厅,4.7,59,1.1479
81,屠夫汉堡(中山北路店),拱墅区,餐饮服务;快餐厅;快餐厅,4.7,59,1.1479
82,签约·肆酒撸串·海鲜烧烤季·团建精酿酒馆(滨江店),滨江区,餐饮服务;中餐厅;中餐厅,4.7,60,1.1433
83,137烧烤龙虾烤鱼.新疆羊肉串(南大街店),临平区,餐饮服务;中餐厅;特色/地方风味餐厅,4.7,60,1.1433
84,老嘎达东北菜(原东北菜馆高沙店),钱塘区,餐饮服务;中餐厅;东北菜,4.7,61,1.1388
85,大俺徽地锅鸡(太平门直街),上城区,餐饮服务;中餐厅;中餐厅,4.7,62,1.1344
86,杨光姐?东北老家(西湖文化广场店),拱墅区,餐饮服务;中餐厅;中餐厅,4.7,62,1.1344
87,荆九爷爆炒桥头三嫩(西溪留下店),西湖区,餐饮服务;中餐厅;中餐厅,4.7,63,1.1301
88,大俺徽柴火鸡·地锅鸡(皓月路店),萧山区,餐饮服务;中餐厅;中餐厅,4.7,63,1.1301
89,夏大厨铁锅炖·东北菜·烧烤(钱江世纪城店),萧山区,餐饮服务;中餐厅;东北菜,4.7,63,1.1301
90,马丫东北饭儿(金昌路店),余杭区,餐饮服务;中餐厅;东北菜,4.7,64,1.1259
91,哈尔滨东北家常菜美玲家,钱塘区,餐饮服务;中餐厅;中餐厅,4.7,64,1.1259
92,禧满牛贵州黄牛肉馆.干锅火锅(金田店),西湖区,餐饮服务;中餐厅;火锅店,4.7,64,1.1259
93,Shake Shack(杭州万象城店),上城区,餐饮服务;快餐厅;快餐厅,4.7,65,1.1218
94,烤匠麻辣烤鱼(星光大道店),滨江区,餐饮服务;中餐厅;特色/地方风味餐厅,4.7,65,1.1218
95,烤匠麻辣烤鱼(杭州远洋乐堤港店),拱墅区,餐饮服务;中餐厅;特色/地方风味餐厅,4.7,65,1.1218
96,老六小炒肉(滨江银泰店),滨江区,餐饮服务;中餐厅;中餐厅,4.7,65,1.1218
97,赵府私厨·老杭帮菜(河坊街店),上城区,餐饮服务;中餐厅;中餐厅,4.7,66,1.1178
98,广源东北菜(文创大厦店),钱塘区,餐饮服务;中餐厅;东北菜,4.7,66,1.1178
99,老地方川菜(元成东盛家园店),钱塘区,餐饮服务;中餐厅;四川菜(川菜),4.7,67,1.1139
100,幺妹鱼庄(明星路店),萧山区,餐饮服务;中餐厅;海鲜酒楼,4.7,67,1.1139
101,何小姐鲜牛肉火锅(通惠中路店),萧山区,购物服务;服装鞋帽皮具店;服装鞋帽皮具店|餐饮服务;餐饮相关场所;餐饮相关,4.7,67,1.1139
102,四季大树底衢州菜(四季青店),上城区,餐饮服务;餐饮相关场所;餐饮相关,4.7,68,1.11
103,東大方(杭州奥体中心店),萧山区,餐饮服务;中餐厅;中餐厅,4.7,68,1.11
104,東大方(杭州金沙湖店),钱塘区,餐饮服务;餐饮相关场所;餐饮相关,4.7,68,1.11
105,東大方(杭州延安路店),拱墅区,餐饮服务;中餐厅;中餐厅,4.7,68,1.11
106,一席地·本地鸡窝(邮电路店),上城区,餐饮服务;中餐厅;火锅店,4.7,68,1.11
107,東大方(杭州西城新座店),西湖区,餐饮服务;中餐厅;浙江菜,4.7,68,1.11
108,東大方(华瑞汇金中心店),萧山区,餐饮服务;中餐厅;浙江菜,4.7,68,1.11
109,東大方(临平东湖路店),临平区,餐饮服务;餐饮相关场所;餐饮相关,4.7,68,1.11
110,東大方(杭州紫金梦想店),西湖区,餐饮服务;中餐厅;中餐厅,4.7,68,1.11
111,東大方(杭州世纪城开元店),萧山区,餐饮服务;中餐厅;中餐厅,4.7,68,1.11
112,川霸川菜,钱塘区,餐饮服务;中餐厅;四川菜(川菜)|餐饮服务;中餐厅;火锅店,4.7,68,1.11
113,朱欢喜老火锅(高沙店),钱塘区,餐饮服务;中餐厅;火锅店,4.7,68,1.11
114,十昌老火锅,萧山区,餐饮服务;中餐厅;火锅店,4.7,68,1.11
115,锅美丽水煮鱼(龙湖杭州滨江天街店),滨江区,餐饮服务;中餐厅;中餐厅,4.7,68,1.11
116,湘辣湘食·湘菜馆(市心北路店),萧山区,餐饮服务;中餐厅;湖南菜(湘菜),4.7,68,1.11
117,徽姐姐徽菜·臭鳜鱼(海蓝·天行国际店),拱墅区,餐饮服务;中餐厅;安徽菜(徽菜),4.7,68,1.11
118,忆味东北美食体验基地,临平区,餐饮服务;中餐厅;中餐厅,4.7,68,1.11
119,小牛滚滚贵州黄牛肉火锅(萧山博地中心店),萧山区,餐饮服务;中餐厅;火锅店,4.7,68,1.11
120,星期八咖啡馆·日咖夜酒(之江店),上城区,餐饮服务;咖啡厅;咖啡厅|生活服务;生活服务场所;生活服务场所,4.7,68,1.11
121,东北杨光?碳烤鲜牛肉(天虹店),上城区,餐饮服务;中餐厅;中餐厅,4.7,69,1.1063
122,川味泡菜馆(黄姑山路店),西湖区,餐饮服务;中餐厅;四川菜(川菜),4.7,69,1.1063
123,小湘厨滨康店,滨江区,餐饮服务;中餐厅;中餐厅,4.7,69,1.1063
124,郭包又东北菜(北软中天园店),拱墅区,餐饮服务;中餐厅;东北菜,4.7,69,1.1063
125,野火烧烤·东北菜,上城区,餐饮服务;中餐厅;中餐厅,4.7,69,1.1063
126,穆羊客清真火锅烤肉一体,上城区,餐饮服务;中餐厅;清真菜馆,4.7,69,1.1063
127,渝妹重庆火锅,余杭区,餐饮服务;中餐厅;火锅店,4.7,70,1.1026
128,piccolo披萨店,上城区,餐饮服务;快餐厅;快餐厅,4.7,70,1.1026
129,衢八鲜?开化山水菜,上城区,餐饮服务;中餐厅;浙江菜,4.7,71,1.099
130,柴米夫妻四川自贡盐帮菜(新塘店),上城区,餐饮服务;中餐厅;四川菜(川菜),4.7,71,1.099
131,857铁锅炖 东北饭儿,上城区,餐饮服务;中餐厅;中餐厅,4.7,71,1.099
132,郭包又东北菜(西兴店),滨江区,餐饮服务;中餐厅;中餐厅,4.7,71,1.099
133,锦遇·唐风宋韵灶台鱼里·正宗淳牌鱼,淳安县,餐饮服务;中餐厅;中餐厅,4.7,71,1.099
134,小树林老成都火锅串串香·盖碗茶(宠物友好店),滨江区,餐饮服务;中餐厅;火锅店,4.7,72,1.0955
135,正哥点心专家(国大广场店),拱墅区,餐饮服务;餐饮相关场所;餐饮相关,4.7,72,1.0955
136,东北一锅香(丰谭路城西店),西湖区,餐饮服务;中餐厅;东北菜,4.7,72,1.0955
137,幸会东北烤肉,滨江区,餐饮服务;中餐厅;中餐厅,4.7,72,1.0955
138,马丫·东北饭儿(中豪江河时代店),上城区,餐饮服务;中餐厅;中餐厅,4.7,73,1.092
139,川婆婆酸菜鱼(市心中路店),萧山区,餐饮服务;中餐厅;中餐厅,4.7,73,1.092
140,大俺徽地锅鸡(转塘象山国际店),西湖区,餐饮服务;中餐厅;中餐厅,4.7,73,1.092
141,tea'stone喝好茶的店(杭州万象城店),上城区,餐饮服务;冷饮店;冷饮店,4.7,73,1.092
142,西北羊肉馆羊蝎子火锅烧烤(万邦大楼店),上城区,餐饮服务;中餐厅;火锅店|餐饮服务;中餐厅;西北菜,4.7,74,1.0886
143,贰姐川菜,西湖区,餐饮服务;餐饮相关场所;餐饮相关,4.7,74,1.0886
144,晚酒·阿英川菜馆(奥体金帝店),萧山区,餐饮服务;中餐厅;四川菜(川菜),4.7,74,1.0886
145,大俺徽地锅鸡(绿都百瑞店),萧山区,餐饮服务;中餐厅;中餐厅,4.7,74,1.0886
146,凯旋烧烤(凯旋路),上城区,餐饮服务;中餐厅;特色/地方风味餐厅,4.7,74,1.0886
147,江南宴宴会中心,临平区,餐饮服务;中餐厅;中餐厅,4.7,74,1.0886
148,碳二鹤岗小串(景芳店),上城区,餐饮服务;中餐厅;中餐厅,4.7,75,1.0853
149,周姐焦烤鸡架·东北烧烤夜宵(朝龙汇店),萧山区,餐饮服务;餐饮相关场所;餐饮相关,4.7,75,1.0853
150,桐湾大院·桐庐菜·夜宵烧烤(滨康路店),萧山区,餐饮服务;餐饮相关场所;餐饮相关,4.7,75,1.0853
151,石灰石烧鸡公(嘉里中心店),拱墅区,餐饮服务;中餐厅;中餐厅,4.7,75,1.0853
152,垚合牛府黄牛肉火锅(合生国贸中心店),西湖区,餐饮服务;中餐厅;火锅店,4.7,75,1.0853
153,郭淑芬鲜切牛肉自助老火锅(钱江世纪城店),萧山区,餐饮服务;中餐厅;火锅店,4.7,75,1.0853
154,洪星渔庄·临平菜(星万里店),临平区,餐饮服务;中餐厅;浙江菜,4.7,75,1.0853
155,東大方(杭州潮王路店),拱墅区,餐饮服务;餐饮相关场所;餐饮相关,4.7,76,1.082
156,摆笼酸菜鱼庄·精品川菜(拱秀路店),萧山区,餐饮服务;中餐厅;四川菜(川菜),4.7,76,1.082
157,马丫东北饭儿(江南大道店),滨江区,餐饮服务;中餐厅;东北菜,4.7,76,1.082
158,兴玉·东北烧烤火锅(新塘店),上城区,餐饮服务;中餐厅;东北菜|餐饮服务;中餐厅;火锅店,4.7,77,1.0788
159,费大厨辣椒炒肉(西溪天街店),西湖区,餐饮服务;中餐厅;中餐厅,4.7,77,1.0788
160,小牛滚滚贵州黄牛肉火锅(通策广场店),滨江区,餐饮服务;中餐厅;火锅店,4.7,77,1.0788
161,王道小乐惠,滨江区,餐饮服务;中餐厅;中餐厅,4.7,78,1.0757
162,城子岭铁锅炖,萧山区,餐饮服务;中餐厅;中餐厅,4.7,78,1.0757
163,小牛滚滚贵州黄牛肉火锅(国芳天街店),上城区,餐饮服务;中餐厅;火锅店,4.7,78,1.0757
164,开化食府(新塘路店)(暂停营业),上城区,餐饮服务;中餐厅;中餐厅,4.7,79,1.0726
165,玖十八烤鱼酒馆·龙虾·烧烤(芳塘店),上城区,餐饮服务;餐饮相关场所;餐饮相关,4.7,79,1.0726
166,四灶儿·地道杭帮菜(西湖景区·吴山广场店),上城区,餐饮服务;中餐厅;中餐厅,4.7,79,1.0726
167,四灶儿·地道杭帮菜(和平德信店),拱墅区,餐饮服务;中餐厅;中餐厅,4.7,79,1.0726
168,蔡奋斗·老火锅(杭州首店),上城区,餐饮服务;中餐厅;火锅店,4.7,79,1.0726
169,幺妹鱼庄(元成时代广场店),钱塘区,餐饮服务;中餐厅;四川菜(川菜),4.7,79,1.0726
170,躲姨家火锅,滨江区,餐饮服务;中餐厅;火锅店,4.7,80,1.0695
171,摆笼酸菜鱼庄·精品川菜(荣星名座店),萧山区,餐饮服务;中餐厅;中餐厅,4.7,80,1.0695
172,川味观(凤起店),拱墅区,餐饮服务;中餐厅;火锅店|餐饮服务;中餐厅;四川菜(川菜),4.7,80,1.0695
173,巴渝川菜(秋涛路店),上城区,餐饮服务;中餐厅;中餐厅,4.7,80,1.0695
174,付小姐在成都(滨江店),滨江区,餐饮服务;中餐厅;火锅店,4.7,80,1.0695
175,吃饭皇帝大·土家民族菜(龙湖天街店),滨江区,餐饮服务;中餐厅;中餐厅,4.7,80,1.0695
176,吃饭皇帝大·土家民族菜(城西银泰城店),拱墅区,餐饮服务;中餐厅;湖南菜(湘菜),4.7,80,1.0695
177,吃饭皇帝大·土家民族菜(龙湖下沙天街店),钱塘区,餐饮服务;中餐厅;中餐厅,4.7,80,1.0695
178,吃饭皇帝大·土家民族菜(西溪印象城A座店),余杭区,餐饮服务;中餐厅;中餐厅,4.7,80,1.0695
179,兴玉东北烧烤东北菜(新时代陶瓷店),西湖区,餐饮服务;中餐厅;东北菜,4.7,80,1.0695
180,宽马记·热鲜牛肉海鲜火锅(余杭店),余杭区,餐饮服务;餐饮相关场所;餐饮相关,4.7,80,1.0695
181,小满烧鸟·居酒屋(杭州之翼店),上城区,餐饮服务;外国餐厅;日本料理,4.7,80,1.0695
182,火柚星球·农场餐厅,西湖区,餐饮服务;外国餐厅;西餐厅(综合风味),4.7,80,1.0695
183,带你去趟佳木斯·非遗烧烤(杭州首店),萧山区,餐饮服务;中餐厅;特色/地方风味餐厅,4.7,81,1.0666
184,永梅衢州菜(刀茅巷店),拱墅区,餐饮服务;中餐厅;中餐厅,4.7,81,1.0666
185,大陈小院,西湖区,餐饮服务;中餐厅;中餐厅|体育休闲服务;体育休闲服务场所;体育休闲服务场所,4.7,81,1.0666
186,舒家大院老火锅(杭州市滨江区宝龙城店),滨江区,餐饮服务;中餐厅;火锅店,4.7,81,1.0666
187,张功馆·地道桐庐菜(钱潮店),上城区,餐饮服务;中餐厅;中餐厅,4.7,82,1.0636
188,旷野听风不想上班(奥体店),萧山区,餐饮服务;餐饮相关场所;餐饮相关,4.7,82,1.0636
189,陈记饭店(八卦新村店),上城区,餐饮服务;中餐厅;浙江菜,4.7,82,1.0636
190,府上家宴·百年浙菜(美上店),西湖区,餐饮服务;中餐厅;中餐厅,4.7,82,1.0636
191,晚酒·阿英川菜馆(一店),拱墅区,餐饮服务;中餐厅;四川菜(川菜),4.7,82,1.0636
192,宴三衢·初味·衢州菜(西湖店),西湖区,餐饮服务;中餐厅;中餐厅,4.7,82,1.0636
193,小牛家村·贵州黄牛肉火锅(梦想小镇店),余杭区,餐饮服务;中餐厅;火锅店,4.7,82,1.0636
194,玖十八烤鱼酒馆·龙虾·烧烤(奥莱金街店),西湖区,餐饮服务;中餐厅;中餐厅,4.7,82,1.0636
195,成都遇见你·串串吧(萧山店),萧山区,餐饮服务;中餐厅;火锅店,4.7,83,1.0608
196,赵九记呱呱老火锅(EFC欧美广场店),余杭区,餐饮服务;中餐厅;火锅店,4.7,83,1.0608
197,马丫东北饭儿(滨江文苑大厦店),滨江区,餐饮服务;中餐厅;中餐厅,4.7,83,1.0608
198,小杨小黄鱼烧烤.龙虾(中赢康康谷店),滨江区,餐饮服务;中餐厅;中餐厅,4.7,83,1.0608
199,广东脆皮鸡煲(滨盛路店),滨江区,餐饮服务;中餐厅;中餐厅,4.7,84,1.0579
200,吃饭皇帝大·土家民族菜(印力汇德隆杭州奥体印象城店),萧山区,餐饮服务;中餐厅;湖南菜(湘菜)|餐饮服务;冷饮店;冷饮店,4.7,84,1.0579
201,潘家东北烧烤火锅,拱墅区,餐饮服务;中餐厅;火锅店,4.7,84,1.0579
202,寿司郎(萧山万象汇店),萧山区,餐饮服务;外国餐厅;日本料理,4.7,84,1.0579
203,NDORA恩哚啦西餐厅,萧山区,餐饮服务;外国餐厅;外国餐厅,4.7,84,1.0579
204,陈先进鱼馆(凤起店),上城区,餐饮服务;中餐厅;中餐厅,4.7,86,1.0524
205,白乐天毛肚火锅店,萧山区,餐饮服务;中餐厅;火锅店,4.7,86,1.0524
206,点都德(杭州中心店),拱墅区,餐饮服务;中餐厅;广东菜(粤菜),4.7,86,1.0524
207,点都德(滨江银泰店),滨江区,餐饮服务;快餐厅;快餐厅,4.7,86,1.0524
208,点都德(城西银泰城店),拱墅区,餐饮服务;快餐厅;快餐厅,4.7,86,1.0524
209,点都德(奥体印象城店),萧山区,餐饮服务;中餐厅;广东菜(粤菜),4.7,86,1.0524
210,四灶儿·地道杭帮菜(望江店),上城区,餐饮服务;中餐厅;中餐厅,4.7,87,1.0497
211,山城兄弟·重庆江湖菜·黑金店,拱墅区,购物服务;购物相关场所;购物相关场所|餐饮服务;餐饮相关场所;餐饮相关,4.7,87,1.0497
212,虾儿清清小龙虾烧烤(星澜里店),滨江区,餐饮服务;中餐厅;特色/地方风味餐厅,4.7,87,1.0497
213,赵姑娘海鲜大排档·梭子蟹·烧烤(杭州总店),滨江区,餐饮服务;中餐厅;中餐厅,4.7,87,1.0497
214,长风源·寻衢味(20年老店),上城区,餐饮服务;中餐厅;海鲜酒楼,4.7,88,1.0471
215,新周记·巷子里的江南味(金龙财富店),拱墅区,餐饮服务;中餐厅;中餐厅,4.7,88,1.0471
216,自贡盐帮菜,拱墅区,餐饮服务;餐饮相关场所;餐饮相关,4.7,88,1.0471
217,点都德(杭州湖滨in77店),上城区,餐饮服务;中餐厅;广东菜(粤菜),4.7,88,1.0471
218,大鱼徽州·皖南家宴(东站德信店),上城区,餐饮服务;中餐厅;安徽菜(徽菜),4.7,88,1.0471
219,卢家·皖掌柜(杭州首店),拱墅区,餐饮服务;中餐厅;安徽菜(徽菜),4.7,88,1.0471
220,大鱼徽州·皖南家宴(星光总店),滨江区,餐饮服务;中餐厅;中餐厅,4.7,88,1.0471
221,大塘集美蛙鱼头·冷锅鱼(钱江世纪城店),萧山区,餐饮服务;中餐厅;中餐厅,4.7,89,1.0445
222,刘老根·东北烧烤酒场(子夜广场店),萧山区,餐饮服务;中餐厅;中餐厅,4.7,89,1.0445
223,戒指龙虾(余杭店),余杭区,餐饮服务;餐饮相关场所;餐饮相关,4.7,89,1.0445
224,潮来福潮汕牛肉店(元华旺座中心店),上城区,餐饮服务;中餐厅;潮州菜,4.7,90,1.0419
225,张功馆·地道桐庐菜(景芳店),上城区,餐饮服务;中餐厅;特色/地方风味餐厅,4.7,90,1.0419
226,风炉故事·遂昌山野土菜(凯旋路店),上城区,餐饮服务;中餐厅;中餐厅,4.7,90,1.0419
227,风炉故事·遂昌山野土菜(杭州首店),上城区,餐饮服务;中餐厅;中餐厅,4.7,90,1.0419
228,杭州酒家(庆春路店),上城区,餐饮服务;中餐厅;中餐厅,4.7,90,1.0419
229,晚酒·阿英川菜馆(解百店),上城区,餐饮服务;中餐厅;四川菜(川菜),4.7,90,1.0419
230,齐庆·美蛙鱼头(EFC欧美广场店),余杭区,餐饮服务;中餐厅;火锅店,4.7,90,1.0419
231,赵美丽.重庆社区火锅(EFC欧美广场店),余杭区,餐饮服务;中餐厅;火锅店,4.7,90,1.0419
232,大川先生·龙虾·川菜(石灰坝店),拱墅区,餐饮服务;中餐厅;四川菜(川菜),4.7,90,1.0419
233,岳无鸡·鲜切广东脆皮鸡煲(中南未来里店),余杭区,餐饮服务;餐饮相关场所;餐饮相关,4.7,90,1.0419
234,十八道东北菜?芳达烧烤东北菜 (中赢康康谷店),滨江区,餐饮服务;中餐厅;东北菜,4.7,90,1.0419
235,叶老头碳炉草本鸡煲(杭州萧山店),萧山区,餐饮服务;餐饮相关场所;餐饮相关,4.7,90,1.0419
236,宽马记大排档·热鲜牛肉海鲜火锅(临安店),临安区,餐饮服务;中餐厅;火锅店,4.7,90,1.0419
237,RayPub暗光(中河店),上城区,体育休闲服务;娱乐场所;酒吧|餐饮服务;咖啡厅;咖啡厅,4.7,90,1.0419
238,滋味渊·匠心桐庐菜(景芳店),上城区,餐饮服务;中餐厅;浙江菜,4.7,91,1.0394
239,杭州宴·杭州菜(火车东站店),上城区,餐饮服务;中餐厅;中餐厅,4.7,91,1.0394
240,伊家鲜?宴请?小宴席(湖州街总店),拱墅区,餐饮服务;中餐厅;中餐厅,4.7,91,1.0394
241,李白图书馆餐厅?杭帮菜名店(九堡店),上城区,餐饮服务;中餐厅;中餐厅,4.7,91,1.0394
242,三登客江鲜(永福店),余杭区,餐饮服务;中餐厅;海鲜酒楼,4.7,91,1.0394
243,六丁火烤肉(杭州首店),萧山区,餐饮服务;中餐厅;中餐厅,4.7,92,1.0369
244,大宅院(西溪路),西湖区,餐饮服务;中餐厅;中餐厅,4.7,92,1.0369
245,新周记·巷子里的江南味(庆春店),上城区,餐饮服务;中餐厅;浙江菜,4.7,93,1.0345
246,重庆正宗万州烤鱼(萧山006成智店),萧山区,餐饮服务;中餐厅;中餐厅,4.7,93,1.0345
247,COMMUNE幻师(远洋乐堤港B区店),拱墅区,体育休闲服务;娱乐场所;酒吧|餐饮服务;外国餐厅;西餐厅(综合风味),4.7,93,1.0345
248,COMMUNE幻师(EFC欧美广场店),余杭区,餐饮服务;餐饮相关场所;餐饮相关,4.7,93,1.0345
249,幸福小串·地摊小炉子(钱江世纪公园店),萧山区,餐饮服务;中餐厅;中餐厅,4.7,94,1.0321
250,英子小海鲜(下沙新视界未来中心店),钱塘区,餐饮服务;中餐厅;海鲜酒楼,4.7,94,1.0321
251,爱人再见小酒馆(奥体店),萧山区,餐饮服务;餐饮相关场所;餐饮相关,4.7,95,1.0297
252,绿茶餐厅(灵隐路店·品牌旗舰店),西湖区,餐饮服务;中餐厅;中餐厅,4.7,95,1.0297
253,晚酒·阿英川菜馆(上塘路三店),拱墅区,餐饮服务;中餐厅;四川菜(川菜),4.7,95,1.0297
254,馬鸿興·川小馆(杭州中心店),拱墅区,餐饮服务;中餐厅;四川菜(川菜),4.7,95,1.0297
255,潮中人潮汕大排档,上城区,餐饮服务;中餐厅;中餐厅,4.7,95,1.0297
256,陆幺陆家常菜古墩路店,西湖区,餐饮服务;中餐厅;中餐厅,4.7,95,1.0297
257,破店肥哈·海鲜·烧烤(杭州滨江店),滨江区,餐饮服务;餐饮相关场所;餐饮相关,4.7,95,1.0297
258,马路边边火锅串串香(杭州总店),上城区,餐饮服务;中餐厅;火锅店,4.7,96,1.0274
259,LuLuoBo绿萝卜(中山北路店),拱墅区,餐饮服务;中餐厅;中餐厅,4.7,96,1.0274
260,印象临安(城东店),临安区,餐饮服务;中餐厅;中餐厅|商务住宅;商务住宅相关;商务住宅相关,4.7,97,1.0251
261,新周记·巷子里的江南味(鼓楼店),上城区,餐饮服务;中餐厅;中餐厅,4.7,98,1.0228
262,三两好友深夜食堂·焗海鲜·烤乳猪·脆皮烤鸡(西溪八方城店),余杭区,餐饮服务;中餐厅;中餐厅,4.7,98,1.0228
263,猪笼城寨·鲜货烧烤龙虾·怀旧包厢·大排档(萧山店),萧山区,餐饮服务;中餐厅;中餐厅,4.7,98,1.0228
264,马大虾小龙虾·盆盆蟹·杭城地标十星大排档,滨江区,餐饮服务;餐饮相关场所;餐饮相关,4.7,98,1.0228
265,MAMA精致川菜(保利天汇店),滨江区,餐饮服务;中餐厅;四川菜(川菜),4.7,99,1.0206
266,山河屯铁锅炖·东北菜(杭州一店),上城区,餐饮服务;中餐厅;东北菜,4.7,99,1.0206
267,大川日本料理·深夜居酒屋(解放路店),上城区,餐饮服务;外国餐厅;日本料理,4.7,99,1.0206
268,大川日本料理·深夜居酒屋(火车东站店),上城区,餐饮服务;外国餐厅;日本料理,4.7,99,1.0206
269,小林刺身(朝晖店),拱墅区,餐饮服务;外国餐厅;日本料理|生活服务;生活服务场所;生活服务场所,4.7,99,1.0206
270,天香楼(延安路店),拱墅区,餐饮服务;中餐厅;综合酒楼,4.7,100,1.0184
271,马灯部落-杭帮创意菜(杭州西湖虎跑店),西湖区,餐饮服务;中餐厅;浙江菜,4.7,100,1.0184
272,川塘风乐山冷锅鱼美蛙鱼头,西湖区,餐饮服务;中餐厅;中餐厅,4.7,100,1.0184
273,那些年·花园西餐·窑炉披萨(新天地店),临平区,餐饮服务;咖啡厅;咖啡厅,4.7,100,1.0184
274,喀摩尔土耳其餐厅,上城区,餐饮服务;外国餐厅;西餐厅(综合风味),4.7,100,1.0184
275,武林虾客·小龙虾·江南生腌(凤起路店),拱墅区,餐饮服务;中餐厅;海鲜酒楼,4.7,100,1.0184
276,晓麟家奶茶(采荷店),上城区,餐饮服务;冷饮店;冷饮店,4.6,8,2.0936
277,晓麟奶茶(近江家园店),上城区,餐饮服务;冷饮店;冷饮店,4.6,11,1.8512
278,瑞幸咖啡(501城市广场店),上城区,餐饮服务;咖啡厅;咖啡厅,4.6,13,1.743
279,王老笨·东北过桥米线(龙湖杭州西溪天街店),西湖区,餐饮服务;中餐厅;特色/地方风味餐厅,4.6,20,1.5109
280,麦当劳(中南国际商城店),滨江区,餐饮服务;快餐厅;麦当劳,4.6,22,1.4671
281,布蕾克喝茶工坊(近江五园店),上城区,餐饮服务;冷饮店;冷饮店,4.6,23,1.4474
282,麦当劳(杭州凤起路餐厅),拱墅区,餐饮服务;快餐厅;麦当劳,4.6,23,1.4474
283,正宗淮南牛肉汤,拱墅区,餐饮服务;中餐厅;中餐厅,4.6,23,1.4474
284,肯德基(朝晖店),拱墅区,餐饮服务;快餐厅;肯德基,4.6,25,1.4119
285,骑点咖啡 Ride Cafe,上城区,餐饮服务;咖啡厅;咖啡厅,4.6,26,1.3957
286,麦当劳(江南明新DT店),萧山区,餐饮服务;快餐厅;麦当劳,4.6,26,1.3957
287,麦当劳(加州阳光·开元广场店),萧山区,餐饮服务;快餐厅;麦当劳,4.6,26,1.3957
288,麦当劳(杭州大厦501城市广场店),上城区,餐饮服务;快餐厅;麦当劳,4.6,27,1.3805
289,王阿盖手工小吃(庆春银泰店),上城区,地名地址信息;普通地名;村庄级地名|餐饮服务;中餐厅;中餐厅,4.6,27,1.3805
290,chofo出伏咖啡,上城区,餐饮服务;咖啡厅;咖啡厅,4.6,27,1.3805
291,肯德基(杭州和平饭店),拱墅区,餐饮服务;快餐厅;肯德基,4.6,27,1.3805
292,素新风·食养自助餐厅(杭州·501广场店),上城区,餐饮服务;中餐厅;中餐厅,4.6,28,1.3661
293,复兴面王(杭州莲荷里店),滨江区,餐饮服务;中餐厅;中餐厅,4.6,28,1.3661
294,费大厨辣椒炒肉(杭州湖滨in77店),上城区,餐饮服务;中餐厅;中餐厅,4.6,28,1.3661
295,费大厨辣椒炒肉(滨江龙湖天街店),滨江区,餐饮服务;中餐厅;中餐厅,4.6,28,1.3661
296,费大厨辣椒炒肉(萧山万象汇店),萧山区,餐饮服务;中餐厅;中餐厅,4.6,28,1.3661
297,东北蒸饺菜馆(余杭店),余杭区,餐饮服务;餐饮相关场所;餐饮相关,4.6,28,1.3661
298,Section沙县咖啡(太平门直街店),上城区,餐饮服务;咖啡厅;咖啡厅,4.6,28,1.3661
299,银记肠粉(新华路店),拱墅区,餐饮服务;快餐厅;快餐厅,4.6,28,1.3661
300,麦当劳(星耀城二期城市生活广场店),滨江区,餐饮服务;快餐厅;麦当劳,4.6,28,1.3661
301,麦当劳(西湖银泰百货店),上城区,餐饮服务;快餐厅;麦当劳,4.6,28,1.3661
302,麦当劳(杭州滨江中南乐游城店),滨江区,餐饮服务;快餐厅;麦当劳,4.6,28,1.3661
303,麦当劳(大华·星河商务大厦店),上城区,餐饮服务;快餐厅;麦当劳,4.6,29,1.3525
304,麦当劳(智谷国际人才大厦店),上城区,餐饮服务;快餐厅;麦当劳,4.6,29,1.3525
305,星巴克(杭州来福士广场店),上城区,餐饮服务;咖啡厅;星巴克咖啡,4.6,30,1.3396
306,星巴克(杭州UDC店),上城区,餐饮服务;咖啡厅;星巴克咖啡,4.6,30,1.3396
307,星巴克(滨江城市之星店),上城区,餐饮服务;咖啡厅;星巴克咖啡,4.6,30,1.3396
308,星巴克(杭州东杭大厦店),上城区,餐饮服务;咖啡厅;星巴克咖啡,4.6,30,1.3396
309,Any.Shell Coffee胡安咖啡(近江南路店),上城区,餐饮服务;咖啡厅;咖啡厅,4.6,30,1.3396
310,星巴克(杭州大厦501城市广场B1店),上城区,餐饮服务;咖啡厅;星巴克咖啡,4.6,30,1.3396
311,星巴克(新传媒大厦店),上城区,餐饮服务;咖啡厅;星巴克咖啡,4.6,30,1.3396
312,星巴克(杭州五福天虹购物中心店),上城区,餐饮服务;咖啡厅;星巴克咖啡,4.6,30,1.3396
313,麦当劳(科技广场店),西湖区,餐饮服务;快餐厅;麦当劳,4.6,30,1.3396
314,星巴克(杭州嘉华店),西湖区,餐饮服务;咖啡厅;星巴克咖啡|餐饮服务;快餐厅;快餐厅,4.6,30,1.3396
315,马姥姥东北砂锅,滨江区,餐饮服务;中餐厅;中餐厅,4.6,31,1.3273
316,素满香·全民食养自助(滨江天街店),滨江区,餐饮服务;快餐厅;快餐厅,4.6,31,1.3273
317,望江门227号龙虾馆,上城区,餐饮服务;中餐厅;中餐厅,4.6,32,1.3156
318,阿嬷手作(杭州万象城店),上城区,餐饮服务;冷饮店;冷饮店,4.6,34,1.2938
319,麦当劳(中豪·江河时代店),上城区,餐饮服务;快餐厅;麦当劳,4.6,35,1.2837
320,复兴面王(庆春店),拱墅区,餐饮服务;中餐厅;中餐厅,4.6,35,1.2837
321,MStand(杭州太平金融大厦店),上城区,餐饮服务;咖啡厅;咖啡厅,4.6,35,1.2837
322,后生仔·潮汕小馆(西湖店),西湖区,餐饮服务;中餐厅;中餐厅,4.6,37,1.2646
323,小饮与食·盖饭小吃·中华料理(杭州景芳店),上城区,餐饮服务;中餐厅;中餐厅,4.6,39,1.247
324,肯德基(杭州庆丰店),西湖区,餐饮服务;快餐厅;肯德基,4.6,39,1.247
325,张十二非遗手工小吃(景芳店),上城区,餐饮服务;中餐厅;中餐厅,4.6,40,1.2387
326,天诚小吃(大学路),上城区,餐饮服务;中餐厅;中餐厅,4.6,40,1.2387
327,瑶姐·古法干蒸(转塘店),西湖区,餐饮服务;中餐厅;中餐厅,4.6,40,1.2387
328,辽阜·艳姨蒸饺东北菜,上城区,餐饮服务;中餐厅;东北菜,4.6,40,1.2387
329,麵匠·石山,滨江区,餐饮服务;餐饮相关场所;餐饮相关,4.6,41,1.2307
330,喜村烧鸽子烧烤东北菜,余杭区,餐饮服务;中餐厅;东北菜,4.6,42,1.223
331,旺厨东北菜,西湖区,餐饮服务;中餐厅;东北菜,4.6,42,1.223
332,小米椒烤鱼坊(广苑小区店),临安区,餐饮服务;中餐厅;四川菜(川菜),4.6,44,1.2084
333,萨莉亚意式餐厅(滨江天街店),滨江区,餐饮服务;外国餐厅;意式菜品餐厅,4.6,45,1.2015
334,椿芽·鲜牛肉杭州拌川(杭州万象城店),上城区,餐饮服务;餐饮相关场所;餐饮相关,4.6,46,1.1948
335,食局东北菜,西湖区,餐饮服务;中餐厅;东北菜,4.6,46,1.1948
336,炉上牛肉档·牛肉粿条·牛腩饭·火锅(萧山嘉润公馆店),萧山区,餐饮服务;中餐厅;火锅店,4.6,47,1.1883
337,粤蒸倌·瑶姐古法干蒸菜(滨江店),滨江区,餐饮服务;中餐厅;中餐厅,4.6,47,1.1883
338,大俺徽地锅鸡(星荟广场店),滨江区,餐饮服务;中餐厅;中餐厅,4.6,47,1.1883
339,南田云米·传统菊花过桥米线,西湖区,餐饮服务;快餐厅;快餐厅,4.6,47,1.1883
340,粤蒸倌·瑶姐古法干蒸菜(钱塘高沙店),钱塘区,餐饮服务;中餐厅;中餐厅,4.6,48,1.182
341,小苏哥·湘菜(杭行荟店),余杭区,餐饮服务;中餐厅;湖南菜(湘菜),4.6,48,1.182
342,元气考拉·湖南小炒,萧山区,餐饮服务;中餐厅;湖南菜(湘菜),4.6,49,1.1759
343,喜贡·爆炒新桥三嫩(联合中心店),萧山区,餐饮服务;中餐厅;特色/地方风味餐厅,4.6,49,1.1759
344,骨里香饺子居(萧清大道店),萧山区,餐饮服务;中餐厅;特色/地方风味餐厅,4.6,49,1.1759
345,椿芽·鲜牛肉杭州拌川(杭州鼓楼店),上城区,餐饮服务;中餐厅;浙江菜,4.6,50,1.1699
346,西月楼·杭帮菜(河坊街店),上城区,餐饮服务;中餐厅;浙江菜,4.6,50,1.1699
347,大苑丰炝锅鱼,滨江区,餐饮服务;中餐厅;中餐厅,4.6,50,1.1699
348,粤蒸倌瑶姐古法干蒸菜(德胜路店),拱墅区,餐饮服务;中餐厅;广东菜(粤菜),4.6,50,1.1699
349,妙手菜湘.长沙菜(杭州首店),拱墅区,餐饮服务;中餐厅;湖南菜(湘菜),4.6,50,1.1699
350,大嘴巴湘菜馆·干煸小龙虾(钱江世纪城店),萧山区,餐饮服务;中餐厅;湖南菜(湘菜),4.6,50,1.1699
351,大嘴巴湘菜馆·干煸小龙虾(杭州彩虹城店),滨江区,餐饮服务;中餐厅;湖南菜(湘菜),4.6,50,1.1699
352,梦幻烤房·BURGER·BBQ,上城区,餐饮服务;快餐厅;快餐厅,4.6,50,1.1699
353,麺屋猪一(左右世界店),萧山区,餐饮服务;餐饮相关场所;餐饮相关,4.6,50,1.1699
354,外婆家(杭州望江店),上城区,餐饮服务;中餐厅;浙江菜,4.6,51,1.1642
355,川湘馆(邮电路店),上城区,餐饮服务;中餐厅;四川菜(川菜),4.6,51,1.1642
356,湘小妹·湘菜馆(钱江世纪城店),萧山区,餐饮服务;中餐厅;湖南菜(湘菜),4.6,51,1.1642
357,福锅记(铁锅炖&东北菜),滨江区,餐饮服务;中餐厅;中餐厅,4.6,51,1.1642
358,咱家水饺(采荷店),上城区,餐饮服务;餐饮相关场所;餐饮相关,4.6,51,1.1642
359,宴湖小馆,西湖区,餐饮服务;中餐厅;中餐厅,4.6,52,1.1586
360,外屋地东北菜,拱墅区,餐饮服务;中餐厅;中餐厅,4.6,52,1.1586
361,东北印象餐厅(莫干山路店),西湖区,餐饮服务;中餐厅;特色/地方风味餐厅|餐饮服务;中餐厅;东北菜,4.6,52,1.1586
362,小巷酒家(云水苑店),钱塘区,餐饮服务;中餐厅;中餐厅,4.6,52,1.1586
363,萨莉亚意式餐厅(龙湖杭州金沙天街店),钱塘区,餐饮服务;外国餐厅;意式菜品餐厅,4.6,52,1.1586
364,渔你湘约(杭州粮贸大厦店),拱墅区,餐饮服务;中餐厅;湖南菜(湘菜),4.6,53,1.1532
365,王胜利长沙家菜馆(杭州首店),上城区,餐饮服务;中餐厅;中餐厅,4.6,54,1.1479
366,湘绯·杭城拾佳湘菜(滨江宝龙店),滨江区,餐饮服务;中餐厅;湖南菜(湘菜),4.6,54,1.1479
367,外婆家(杭州金沙印象城店),钱塘区,餐饮服务;中餐厅;浙江菜|餐饮服务;中餐厅;江苏菜,4.6,55,1.1428
368,椿湘现炒下饭菜(紫荆天街店),西湖区,餐饮服务;中餐厅;湖南菜(湘菜),4.6,55,1.1428
369,盖饭邦·长沙菜馆(宝港生活广场店),西湖区,餐饮服务;中餐厅;中餐厅,4.6,55,1.1428
370,小菜园新徽菜(杭州西湖银泰店),上城区,餐饮服务;中餐厅;中餐厅,4.6,55,1.1428
371,小菜园新徽菜(杭州拱墅万达店),拱墅区,餐饮服务;外国餐厅;韩国料理,4.6,55,1.1428
372,大俺徽地锅鸡(拱墅宝龙店),拱墅区,餐饮服务;中餐厅;中餐厅,4.6,55,1.1428
373,臻艾东北烧烤铁锅炖(九堡家苑店),上城区,餐饮服务;中餐厅;东北菜,4.6,55,1.1428
374,文利小吃店(大学路店),上城区,餐饮服务;中餐厅;中餐厅,4.6,56,1.1378
375,大俺徽柴火鸡(江和美海洋生活广场店),上城区,餐饮服务;中餐厅;中餐厅,4.6,56,1.1378
376,印象坊餐厅(金街美地店),西湖区,餐饮服务;中餐厅;中餐厅,4.6,56,1.1378
377,湘先生米小姐(众安广场店),萧山区,餐饮服务;中餐厅;湖南菜(湘菜),4.6,56,1.1378
378,皖北小厨房(滨兴小区西区店),滨江区,餐饮服务;中餐厅;中餐厅,4.6,56,1.1378
379,正月初二·哈尔滨铁锅炖(星光国际广场店),滨江区,餐饮服务;餐饮相关场所;餐饮相关,4.6,56,1.1378
380,表妹烧烤·东北菜铁锅炖(九堡店),上城区,餐饮服务;餐饮相关场所;餐饮相关,4.6,56,1.1378
381,马丫东北饭儿(印悦里丰庆店),拱墅区,餐饮服务;中餐厅;中餐厅,4.6,57,1.1329
382,食三嫂·齐齐哈尔烤肉·烧烤东北菜(胜利河美食街店),拱墅区,餐饮服务;餐饮相关场所;餐饮相关,4.6,57,1.1329
383,萨莉亚意式餐厅(远洋乐堤港A区店),拱墅区,餐饮服务;外国餐厅;意式菜品餐厅,4.6,57,1.1329
384,东坡文人面馆,上城区,餐饮服务;中餐厅;浙江菜,4.6,58,1.1281
385,喜贡·爆炒川菜(保利·时光里店),滨江区,餐饮服务;餐饮相关场所;餐饮相关,4.6,58,1.1281
386,粤甲壹方·壹粥壹面·潮汕菜(东站店),上城区,餐饮服务;中餐厅;中餐厅,4.6,58,1.1281
387,湘江春·精致湘菜,萧山区,餐饮服务;中餐厅;中餐厅,4.6,58,1.1281
388,味道野的很·湖南山里菜(象山国际店),西湖区,餐饮服务;中餐厅;中餐厅,4.6,58,1.1281
389,老善溜肉段·非遗东北菜(新天地店),拱墅区,餐饮服务;中餐厅;东北菜,4.6,58,1.1281
390,依兰老味?烧烤?东北菜(九堡店),上城区,餐饮服务;中餐厅;东北菜,4.6,58,1.1281
391,龍歌自助小火锅(上城龙湖店),上城区,餐饮服务;中餐厅;火锅店,4.6,58,1.1281
392,印湖·老底子杭帮菜(河坊街店),上城区,餐饮服务;中餐厅;中餐厅,4.6,59,1.1235
393,杭小厨·地道杭帮菜(河坊街店),上城区,餐饮服务;中餐厅;中餐厅,4.6,59,1.1235
394,西湖人家·地道杭帮味(寻味杭州·南山路店),上城区,餐饮服务;中餐厅;中餐厅,4.6,59,1.1235
395,渝满堂川菜馆(百井坊巷店),拱墅区,餐饮服务;中餐厅;中餐厅,4.6,59,1.1235
396,马丫东北饭儿(德胜总店),拱墅区,餐饮服务;中餐厅;中餐厅,4.6,59,1.1235
397,大年初一东北菜馆(禹航路店),余杭区,餐饮服务;中餐厅;中餐厅,4.6,59,1.1235
398,赵府私厨·老杭帮菜(西湖老店),上城区,餐饮服务;中餐厅;浙江菜,4.6,60,1.119
399,外婆烧.杭帮菜(西湖店),上城区,餐饮服务;中餐厅;浙江菜,4.6,60,1.119
400,杭三姐妹(西湖·D11食尚城店),拱墅区,餐饮服务;中餐厅;中餐厅,4.6,60,1.119
401,徽灶头·安徽土菜(三墩店),西湖区,餐饮服务;中餐厅;安徽菜(徽菜),4.6,60,1.119
402,何府茶油现炒鸡小龙虾,西湖区,餐饮服务;中餐厅;中餐厅,4.6,60,1.119
403,三虾客小龙虾临沂炒鸡(迎春东苑店),滨江区,餐饮服务;餐饮相关场所;餐饮相关,4.6,60,1.119
404,鄰居咖啡neighborhood,上城区,餐饮服务;咖啡厅;咖啡厅,4.6,60,1.119
405,大俺徽柴火鸡·地锅鸡(鑫都汇店),滨江区,餐饮服务;中餐厅;中餐厅,4.6,61,1.1146
406,雅轩居东北菜,钱塘区,餐饮服务;中餐厅;东北菜,4.6,61,1.1146
407,东北特色铁锅炖(孙权路店),富阳区,餐饮服务;中餐厅;中餐厅,4.6,61,1.1146
408,虾锅·小龙虾·烧烤(沈家路店),拱墅区,餐饮服务;中餐厅;中餐厅,4.6,61,1.1146
409,湖畔·私房菜·杭帮菜(湖滨店),上城区,餐饮服务;中餐厅;中餐厅,4.6,62,1.1103
410,食三嫂·齐齐哈尔烤肉·烧烤东北菜(新天地店),拱墅区,餐饮服务;中餐厅;中餐厅,4.6,62,1.1103
411,厨创东北大厨(黄龙国际中心店),西湖区,餐饮服务;中餐厅;中餐厅,4.6,62,1.1103
412,宽窄巷子成都串串香(邮电路杭州店),上城区,餐饮服务;中餐厅;火锅店,4.6,63,1.1061
413,忆湘味-鲜炒·湖南菜(EFC店),余杭区,餐饮服务;中餐厅;湖南菜(湘菜),4.6,63,1.1061
414,幸福年铁锅炖熏酱小酒馆(九堡店),上城区,餐饮服务;中餐厅;中餐厅,4.6,63,1.1061
415,辽A迷糊小串儿·东北烧烤·东北菜(蓝钻天城店),拱墅区,餐饮服务;餐饮相关场所;餐饮相关,4.6,63,1.1061
416,荷韵西子·老底子杭帮菜(西湖音乐喷泉店),上城区,餐饮服务;中餐厅;中餐厅,4.6,64,1.102
417,芳达烧烤·东北菜(武林旗舰店),拱墅区,餐饮服务;中餐厅;东北菜|餐饮服务;中餐厅;特色/地方风味餐厅|住宿服务;宾馆酒店;宾馆酒店,4.6,64,1.102
418,串掌门烧烤东北菜,萧山区,餐饮服务;中餐厅;中餐厅,4.6,64,1.102
419,马丫东北饭儿(萧山店),萧山区,餐饮服务;中餐厅;中餐厅,4.6,64,1.102
420,马丫东北饭儿(九堡店),上城区,餐饮服务;中餐厅;湖南菜(湘菜),4.6,64,1.102
421,松花江上·东北小馆(三深国际中心店),西湖区,餐饮服务;中餐厅;综合酒楼,4.6,64,1.102
422,夜八两·老舅烧烤(滨江店),滨江区,餐饮服务;中餐厅;中餐厅,4.6,64,1.102
423,蝴蝶里(杭州来福士店),上城区,餐饮服务;中餐厅;火锅店,4.6,65,1.0979
424,一席地·本地鸡窝(庆春银泰店),上城区,餐饮服务;中餐厅;中餐厅,4.6,65,1.0979
425,新白鹿餐厅(庆春银泰店),上城区,餐饮服务;中餐厅;中餐厅,4.6,65,1.0979
426,新白鹿(杭州新塘店),上城区,餐饮服务;中餐厅;浙江菜,4.6,65,1.0979
427,正大酒家(杭州上城区),上城区,餐饮服务;中餐厅;中餐厅,4.6,65,1.0979
428,烤匠麻辣烤鱼(in77店),上城区,餐饮服务;中餐厅;特色/地方风味餐厅|餐饮服务;中餐厅;四川菜(川菜),4.6,65,1.0979
429,烤匠麻辣烤鱼(滨江天街店),滨江区,餐饮服务;中餐厅;特色/地方风味餐厅,4.6,65,1.0979
430,蝴蝶里(滨江龙湖天街店),滨江区,餐饮服务;中餐厅;中餐厅,4.6,65,1.0979
431,蝴蝶里(西溪天街店),西湖区,餐饮服务;中餐厅;广东菜(粤菜),4.6,65,1.0979
432,蝴蝶里(下沙龙湖天街店),钱塘区,餐饮服务;中餐厅;广东菜(粤菜),4.6,65,1.0979
433,蝴蝶里(滨江宝龙广场店),滨江区,餐饮服务;中餐厅;广东菜(粤菜),4.6,65,1.0979
434,蝴蝶里(丁桥店),上城区,餐饮服务;中餐厅;广东菜(粤菜),4.6,65,1.0979
435,小湘厨(迎春东苑店),滨江区,餐饮服务;中餐厅;中餐厅,4.6,65,1.0979
436,二丫家东北铁锅炖大鹅(联胜路店),余杭区,餐饮服务;中餐厅;中餐厅,4.6,65,1.0979
437,庆哥东北油边王,上城区,餐饮服务;中餐厅;特色/地方风味餐厅,4.6,65,1.0979
438,乾堂里·杭州老八鲜(吴山广场店),上城区,餐饮服务;中餐厅;中餐厅,4.6,66,1.094
439,喜靓·老广排档(钱江世纪城店),萧山区,餐饮服务;中餐厅;中餐厅,4.6,66,1.094
440,湘绯·锦(天目山路店),西湖区,餐饮服务;中餐厅;湖南菜(湘菜),4.6,66,1.094
441,小渔村全湖景餐厅(湖光里店),淳安县,餐饮服务;中餐厅;中餐厅,4.6,66,1.094
442,垚森居东北菜?烧烤(杭州宸创大厦店),拱墅区,餐饮服务;中餐厅;东北菜,4.6,66,1.094
443,哈尔滨涮肚·地摊烤肉(辣么刘萧山热榜店),萧山区,餐饮服务;中餐厅;火锅店,4.6,66,1.094
444,二丫家东北铁锅炖大鹅(晴川街店),西湖区,餐饮服务;中餐厅;东北菜,4.6,66,1.094
445,滇牛老杨潮汕鲜牛肉火锅,拱墅区,餐饮服务;中餐厅;火锅店,4.6,66,1.094
446,杭小馆杭帮菜私房菜(河坊街店),上城区,餐饮服务;中餐厅;中餐厅,4.6,67,1.0902
447,湘绯·杭城拾佳湘菜(三深国际店),西湖区,餐饮服务;中餐厅;湖南菜(湘菜),4.6,67,1.0902
448,李百蟹·园林湖景蟹黄面(雷峰塔店),西湖区,餐饮服务;中餐厅;海鲜酒楼,4.6,67,1.0902
449,東大方(杭州大厦501店),上城区,餐饮服务;中餐厅;中餐厅,4.6,68,1.0864
450,仙鱼石缘蒸汽石锅鱼,上城区,餐饮服务;中餐厅;火锅店,4.6,68,1.0864
451,新刘记·杭帮菜·私房菜,上城区,餐饮服务;中餐厅;中餐厅,4.6,68,1.0864
452,東大方(杭州三维大厦店),滨江区,餐饮服务;中餐厅;中餐厅,4.6,68,1.0864
453,東大方(莫干山路店),西湖区,餐饮服务;餐饮相关场所;餐饮相关,4.6,68,1.0864
454,东大方(杭州云澜谷店),西湖区,餐饮服务;中餐厅;浙江菜,4.6,68,1.0864
455,東大方(杭州万达店),拱墅区,餐饮服务;中餐厅;中餐厅,4.6,68,1.0864
456,東大方(杭州苏泊尔大厦店),滨江区,餐饮服务;餐饮相关场所;餐饮相关,4.6,68,1.0864
457,東大方(杭州八方城店),余杭区,餐饮服务;中餐厅;中餐厅,4.6,68,1.0864
458,東大方(祥生中心店),上城区,餐饮服务;餐饮相关场所;餐饮相关,4.6,68,1.0864
459,钟华平潮汕鲜活牛肉铺,钱塘区,餐饮服务;中餐厅;中餐厅,4.6,68,1.0864
460,湘绯(华夏之心店),余杭区,餐饮服务;中餐厅;湖南菜(湘菜),4.6,68,1.0864
461,湘粤江南(西子国际店),临平区,餐饮服务;餐饮相关场所;餐饮相关,4.6,68,1.0864
462,厨创东北大厨(东站万象汇店),上城区,餐饮服务;中餐厅;中餐厅,4.6,68,1.0864
463,辽A特色烧烤东北菜舟山东路店(辽A特色烧烤东北菜),拱墅区,餐饮服务;餐饮相关场所;餐饮相关,4.6,68,1.0864
464,博多天一天婦羅牛排飯(杭州首店),上城区,餐饮服务;外国餐厅;日本料理,4.6,68,1.0864
465,菲滋意式餐厅(富阳物美店),富阳区,餐饮服务;外国餐厅;意式菜品餐厅,4.6,68,1.0864
466,菲滋意式餐厅(萧山临浦店),萧山区,餐饮服务;外国餐厅;西餐厅(综合风味),4.6,68,1.0864
467,杭小厨·地道杭帮菜(湖滨店),上城区,餐饮服务;中餐厅;中餐厅,4.6,69,1.0827
468,辣得香湘菜馆(益乐路店),西湖区,餐饮服务;中餐厅;湖南菜(湘菜),4.6,69,1.0827
469,東禧张大厨老坛柠檬鱼(首尔印象店),西湖区,餐饮服务;中餐厅;中餐厅,4.6,69,1.0827
470,小损样烧烤(恒祺中心店),上城区,餐饮服务;中餐厅;中餐厅,4.6,69,1.0827
471,二丫家东北铁锅炖大鹅(龙章路店),西湖区,餐饮服务;中餐厅;中餐厅,4.6,69,1.0827
472,东北老菜馆,上城区,餐饮服务;中餐厅;东北菜,4.6,69,1.0827
473,王大力·活龙虾江湖菜大排档(夜宵·拱墅万达店),拱墅区,餐饮服务;中餐厅;中餐厅,4.6,69,1.0827
474,矮子餐厅(紫晶商务城店),上城区,餐饮服务;中餐厅;中餐厅,4.6,70,1.0791
475,成渝老妈川菜(双菱路店),上城区,餐饮服务;中餐厅;四川菜(川菜),4.6,70,1.0791
476,老弄堂菜馆(鼓楼店),上城区,餐饮服务;中餐厅;中餐厅,4.6,70,1.0791
477,幺妹鱼庄(华丰分店),拱墅区,餐饮服务;中餐厅;海鲜酒楼,4.6,70,1.0791
478,盱眙杨姐龙虾馆·仓前羊肉馆(明珠街店),上城区,餐饮服务;中餐厅;海鲜酒楼,4.6,70,1.0791
479,渝签斤串串自助火锅(武林夜市店),拱墅区,餐饮服务;中餐厅;火锅店,4.6,71,1.0756
480,湘遇·湖南私房菜(西湖店),上城区,餐饮服务;中餐厅;湖南菜(湘菜),4.6,71,1.0756
481,大俺徽地锅鸡(庆春店),上城区,餐饮服务;中餐厅;中餐厅,4.6,71,1.0756
482,比格比萨自助(杭州金沙印象城店),钱塘区,餐饮服务;快餐厅;快餐厅,4.6,71,1.0756
483,大禹龙虾烧烤,滨江区,餐饮服务;餐饮相关场所;餐饮相关,4.6,71,1.0756
484,Shake Shack(杭州嘉里中心店),拱墅区,餐饮服务;快餐厅;快餐厅,4.6,71,1.0756
485,吴记餐厅·杭帮菜·私房菜(西湖湖滨店),上城区,餐饮服务;中餐厅;浙江菜|餐饮服务;中餐厅;特色/地方风味餐厅,4.6,72,1.0721
486,渝少卿重庆飘香鱼正宗川菜(华夏之心店),余杭区,餐饮服务;中餐厅;四川菜(川菜),4.6,72,1.0721
487,费大厨辣椒炒肉(奥体印象城店),萧山区,餐饮服务;中餐厅;中餐厅,4.6,72,1.0721
488,只有板凳长·湖南山里菜,滨江区,餐饮服务;餐饮相关场所;餐饮相关,4.6,72,1.0721
489,芳达烧烤(亚琪大厦店),滨江区,餐饮服务;中餐厅;特色/地方风味餐厅,4.6,72,1.0721
490,帕米尔餐厅·新疆烧烤·羊肉串(杭州华景宾馆店),上城区,餐饮服务;中餐厅;中餐厅,4.6,72,1.0721
491,川娃子菜馆.烤鱼小龙虾(景芳店),上城区,餐饮服务;中餐厅;四川菜(川菜),4.6,73,1.0688
492,绿茶餐厅(杭州东站万象汇店),上城区,餐饮服务;中餐厅;中餐厅,4.6,73,1.0688
493,春江酸菜鱼馆(春江西路总店),桐庐县,餐饮服务;中餐厅;四川菜(川菜),4.6,73,1.0688
494,红星路·成都街头烤鱼·川菜·夜宵团建(钱江世纪城店),萧山区,餐饮服务;中餐厅;四川菜(川菜),4.6,73,1.0688
495,头牌鹤岗小串(天虹店),上城区,餐饮服务;中餐厅;特色/地方风味餐厅,4.6,74,1.0654
496,印湖杭味·创意杭帮菜(西湖店),拱墅区,餐饮服务;中餐厅;中餐厅,4.6,74,1.0654
497,冯三孃川菜馆(湖滨直营店),上城区,餐饮服务;中餐厅;中餐厅,4.6,74,1.0654
498,江南公社(桐庐店),桐庐县,餐饮服务;中餐厅;湖南菜(湘菜),4.6,74,1.0654
499,厨创东北大厨(滨江宝龙店),滨江区,餐饮服务;餐饮相关场所;餐饮相关,4.6,74,1.0654
500,黑淀儿烧烤(奥体店),萧山区,餐饮服务;餐饮相关场所;餐饮相关,4.6,74,1.0654
501,天天有鹅肉·小南门龙虾,萧山区,餐饮服务;中餐厅;中餐厅,4.6,74,1.0654
502,老头儿油爆虾·巷子里的烟火味(采荷店),上城区,餐饮服务;中餐厅;中餐厅,4.6,75,1.0622
503,印湖饭店·传承经典杭帮菜(西湖断桥店),西湖区,餐饮服务;中餐厅;中餐厅,4.6,75,1.0622
504,烤匠麻辣烤鱼(亚奥万象天地店),萧山区,餐饮服务;中餐厅;特色/地方风味餐厅,4.6,75,1.0622
505,不忘湘·精致湘菜·小龙虾(闻堰老街店),萧山区,餐饮服务;中餐厅;湖南菜(湘菜),4.6,75,1.0622
506,大俺徽柴火鸡·地锅鸡(加州阳光店),萧山区,餐饮服务;中餐厅;中餐厅,4.6,75,1.0622
507,金玉东北烧烤·东北菜,余杭区,餐饮服务;中餐厅;特色/地方风味餐厅,4.6,75,1.0622
508,郭淑芬鲜切牛肉自助老火锅(延安路店),拱墅区,餐饮服务;餐饮相关场所;餐饮相关,4.6,75,1.0622
509,达美乐比萨(惠兴路店),上城区,餐饮服务;快餐厅;快餐厅,4.6,75,1.0622
510,达美乐比萨(鸿泰路店),上城区,餐饮服务;快餐厅;快餐厅,4.6,75,1.0622
511,达美乐比萨(山阴路店),萧山区,餐饮服务;快餐厅;快餐厅,4.6,75,1.0622
512,达美乐比萨(仓前万达广场店),余杭区,餐饮服务;快餐厅;快餐厅,4.6,75,1.0622
513,达美乐比萨(滨文路店),滨江区,餐饮服务;快餐厅;快餐厅,4.6,75,1.0622
514,达美乐比萨(利一路店),萧山区,餐饮服务;快餐厅;快餐厅,4.6,75,1.0622
515,谢大牛馆·中式卤牛排(景芳店),上城区,餐饮服务;中餐厅;中餐厅,4.6,76,1.059
516,辛香汇·四川饭馆(工联CC店),上城区,餐饮服务;中餐厅;中餐厅,4.6,76,1.059
517,齐庆·美蛙鱼头火锅(滨江宝龙店),滨江区,餐饮服务;中餐厅;火锅店,4.6,76,1.059
518,付小姐在成都(杭州总店),拱墅区,餐饮服务;中餐厅;火锅店,4.6,76,1.059
519,和为贵·路哥东北烧烤,上城区,餐饮服务;中餐厅;特色/地方风味餐厅,4.6,76,1.059
520,蟹满皇·蟹黄面(西湖湖滨店),上城区,餐饮服务;餐饮相关场所;餐饮相关,4.6,76,1.059
521,活虾堂龙虾(文一西路店),西湖区,餐饮服务;中餐厅;特色/地方风味餐厅,4.6,76,1.059
522,活虾堂·羊肉煲小龙虾烧烤(高沙店),钱塘区,餐饮服务;中餐厅;中餐厅,4.6,76,1.059
523,潇阳居·寻味广粤(东站东广场店),上城区,餐饮服务;中餐厅;中餐厅,4.6,77,1.0558
524,彭兜兜鲜货烧烤·小龙虾湘菜大排档(未来科技城店),余杭区,餐饮服务;中餐厅;中餐厅,4.6,77,1.0558
525,厨创东北大厨(湖滨In77 C区店),上城区,餐饮服务;中餐厅;中餐厅,4.6,77,1.0558
526,豪客来牛排(杭州文三颐高数码城餐厅),西湖区,餐饮服务;外国餐厅;西餐厅(综合风味)|餐饮服务;外国餐厅;牛扒店(扒房),4.6,77,1.0558
527,串小二鲜货烧烤.龙虾风暴,萧山区,餐饮服务;中餐厅;中餐厅,4.6,77,1.0558
528,费大厨辣椒炒肉(龙湖杭州上城天街店),上城区,餐饮服务;中餐厅;中餐厅,4.6,78,1.0528
529,整点东北菜儿,萧山区,餐饮服务;中餐厅;东北菜,4.6,78,1.0528
530,不万能先生·市井牛肉火锅(武林总店),拱墅区,餐饮服务;中餐厅;火锅店,4.6,78,1.0528
531,张大厨老坛柠檬鱼,上城区,餐饮服务;中餐厅;中餐厅,4.6,79,1.0497
532,忆浙西·浙西农家菜(龙岗店),临安区,餐饮服务;中餐厅;安徽菜(徽菜),4.6,79,1.0497
533,红星路·成都烤鱼(万达步行街店),拱墅区,餐饮服务;中餐厅;特色/地方风味餐厅,4.6,80,1.0468
534,新太二·鲜料川菜(杭州大悦城分店),拱墅区,餐饮服务;中餐厅;中餐厅,4.6,80,1.0468
535,壹只鸡煲馆(杭州首店),西湖区,餐饮服务;中餐厅;中餐厅,4.6,80,1.0468
536,侯师傅热炒店(杭州湖滨in77店),上城区,餐饮服务;中餐厅;中餐厅,4.6,80,1.0468
537,碧湖小馆(象山国际店),西湖区,餐饮服务;中餐厅;中餐厅,4.6,80,1.0468
538,马丫东北饭儿(浙商财富中心店),西湖区,餐饮服务;中餐厅;东北菜,4.6,80,1.0468
539,马丫东北饭儿(临平店),临平区,餐饮服务;中餐厅;中餐厅,4.6,80,1.0468
540,蘭记牛府贵州黄牛肉火锅(中山中路店),上城区,餐饮服务;中餐厅;火锅店,4.6,80,1.0468
541,一个串说(万泰城店),上城区,餐饮服务;中餐厅;中餐厅,4.6,80,1.0468
542,赶海去·海鲜烧烤小酒馆·团建·露营(萧山店),萧山区,餐饮服务;中餐厅;中餐厅,4.6,80,1.0468
543,戒指龙虾.小龙虾.烧烤(下沙一店),钱塘区,餐饮服务;中餐厅;中餐厅,4.6,80,1.0468
544,戒指龙虾·小龙虾·烧烤(九堡格畈店),上城区,餐饮服务;中餐厅;中餐厅,4.6,80,1.0468
545,朱小喜龙虾馆(金莱店),萧山区,餐饮服务;中餐厅;海鲜酒楼,4.6,80,1.0468
546,堂前屋后·开化山里菜(凯旋店),上城区,餐饮服务;中餐厅;中餐厅,4.6,81,1.0439
547,吴记·寻味江南,上城区,餐饮服务;中餐厅;中餐厅,4.6,81,1.0439
548,小红砂锅(三根桥店),富阳区,餐饮服务;中餐厅;中餐厅,4.6,81,1.0439
549,蚂蚁洞烤肉料理(杭州亚奥万象天地店),萧山区,餐饮服务;中餐厅;中餐厅,4.6,81,1.0439
550,木屋烧烤(江干天虹店),上城区,餐饮服务;中餐厅;特色/地方风味餐厅,4.6,82,1.041
551,蚝当家·海鲜龙虾烧烤(文二路店),西湖区,餐饮服务;中餐厅;中餐厅,4.6,82,1.041
552,瑔记·台州小馆·小龙虾(杭州首店),余杭区,餐饮服务;中餐厅;中餐厅,4.6,82,1.041
553,胖哥俩肉蟹煲(杭州天虹店),上城区,餐饮服务;快餐厅;肯德基,4.6,83,1.0382
554,匠小灶·江浙菜(西湖·定安路店),上城区,餐饮服务;中餐厅;中餐厅,4.6,83,1.0382
555,小舅妈社区老火锅(滨江天街店),滨江区,餐饮服务;中餐厅;火锅店,4.6,83,1.0382
556,柴米夫妻老川菜·小龙虾(华中路店),拱墅区,餐饮服务;中餐厅;中餐厅,4.6,83,1.0382
557,肉肉大米(杭州万象城店),上城区,餐饮服务;外国餐厅;日本料理,4.6,84,1.0354
558,狐狸爱上椰子鸡(上城天虹店),上城区,餐饮服务;中餐厅;火锅店,4.6,84,1.0354
559,一峤·Singapore浓汤蝦面,萧山区,餐饮服务;中餐厅;中餐厅,4.6,84,1.0354
560,牛小花秘制炭火烤牛肉(新塘路景芳店),上城区,餐饮服务;餐饮相关场所;餐饮相关,4.6,84,1.0354
561,厨创东北小酒馆(EFC新店),余杭区,餐饮服务;中餐厅;东北菜,4.6,84,1.0354
562,寄畅興·百年蟹黄面·非遗杭帮菜(西湖庭院景观店),上城区,餐饮服务;中餐厅;中餐厅,4.6,85,1.0327
563,王翁记石锅翅·乳鸽专门店,上城区,餐饮服务;快餐厅;快餐厅,4.6,85,1.0327
564,徽姐姐徽菜·臭鳜鱼(潮王路店),拱墅区,餐饮服务;中餐厅;中餐厅,4.6,85,1.0327
565,焰请烤肉铺子(杭州天虹购物中心店),上城区,餐饮服务;中餐厅;中餐厅,4.6,85,1.0327
566,三两好友深夜食堂小龙虾·烤乳猪·罗氏虾(滨江店),滨江区,餐饮服务;中餐厅;中餐厅,4.6,85,1.0327
567,山葵村烤肉(滨江星光大道店),滨江区,餐饮服务;外国餐厅;外国餐厅,4.6,85,1.0327
568,李氏龙虾烧烤烤鱼(缔逸城商业街店),余杭区,餐饮服务;中餐厅;特色/地方风味餐厅,4.6,85,1.0327
569,江浙荟(杭州湖滨in77店),上城区,餐饮服务;中餐厅;中餐厅,4.6,86,1.03
570,洞庭3000里·乡野湖南菜(杭州中心店),拱墅区,餐饮服务;中餐厅;中餐厅,4.6,86,1.03
571,凯旋烧烤(建国北路),拱墅区,餐饮服务;中餐厅;中餐厅,4.6,86,1.03
572,很久以前羊肉串(杭州来福士店),上城区,餐饮服务;中餐厅;特色/地方风味餐厅,4.6,87,1.0274
573,苏小蟹·蟹黄面(西溪湿地博物馆店),西湖区,餐饮服务;中餐厅;中餐厅,4.6,87,1.0274
574,小杨小黄鱼超人龙虾(景芳店),上城区,餐饮服务;中餐厅;特色/地方风味餐厅,4.6,87,1.0274
575,蛙小侠(银隆B座店),萧山区,餐饮服务;中餐厅;中餐厅,4.6,88,1.0248
576,大鱼徽州·皖南家宴(文二店),西湖区,餐饮服务;中餐厅;中餐厅,4.6,88,1.0248
577,马氏脉舟东北清真菜(文一路店),西湖区,餐饮服务;餐饮相关场所;餐饮相关,4.6,88,1.0248
578,李百蟹·湖景蟹黄面·望湖楼(西湖断桥店),西湖区,餐饮服务;中餐厅;海鲜酒楼,4.6,88,1.0248
579,凹凹板正一把串·深夜食堂,拱墅区,餐饮服务;中餐厅;中餐厅,4.6,88,1.0248
580,品蝦居小龙虾大闸蟹,拱墅区,餐饮服务;餐饮相关场所;餐饮相关,4.6,88,1.0248
581,小马烧烤,上城区,餐饮服务;中餐厅;中餐厅,4.6,89,1.0223
582,福临潮汕牛档·鲜烤牛肉·沙茶火锅·牛腩饭·烧烤,萧山区,餐饮服务;中餐厅;中餐厅,4.6,89,1.0223
583,光头龙虾(丁桥店),上城区,餐饮服务;中餐厅;海鲜酒楼,4.6,89,1.0223
584,小南门龙虾(天润店),萧山区,餐饮服务;餐饮相关场所;餐饮相关,4.6,89,1.0223
585,味舵主重庆火锅(明星路店),萧山区,餐饮服务;中餐厅;火锅店,4.6,90,1.0198
586,潮汕叶记鲜牛肉火锅(华星时代广场店),西湖区,餐饮服务;中餐厅;火锅店,4.6,90,1.0198
587,肥猫·小龙虾·鲜货烧烤·炒菜大排档(杭州滨江区),滨江区,餐饮服务;中餐厅;中餐厅,4.6,90,1.0198
588,鹤之乡·齐齐哈尔烤肉(秋涛路店),上城区,餐饮服务;中餐厅;中餐厅,4.6,91,1.0173
589,费大厨辣椒炒肉(金沙天街店),钱塘区,餐饮服务;中餐厅;中餐厅,4.6,91,1.0173
590,黄记老厨·传统杭帮菜(清泰街店),上城区,餐饮服务;中餐厅;浙江菜,4.6,92,1.0149
591,张笨笨四川火锅(滨江天街店),滨江区,餐饮服务;中餐厅;火锅店,4.6,92,1.0149
592,舟舢海鲜小馆·舟山小海鲜(西湖店),拱墅区,餐饮服务;中餐厅;海鲜酒楼,4.6,92,1.0149
593,不老里·杭州本地菜(西湖长生路店),上城区,餐饮服务;中餐厅;浙江菜,4.6,93,1.0125
594,小笨鸡潮汕煲店(杭州首店),上城区,餐饮服务;餐饮相关场所;餐饮相关,4.6,93,1.0125
595,趣东北齐齐哈尔家庭烤肉,拱墅区,餐饮服务;中餐厅;中餐厅,4.6,93,1.0125
596,COMMUNE幻师(杭州湖滨in77店),上城区,体育休闲服务;娱乐场所;酒吧|餐饮服务;中餐厅;中餐厅,4.6,93,1.0125
597,蒲记·潮州夜档(凤起东路店),上城区,餐饮服务;餐饮相关场所;餐饮相关,4.6,94,1.0101
598,阿盼鱼捞·斑鱼海鲜粥火锅·南国传承(杭州湖滨in77B区店),上城区,餐饮服务;中餐厅;火锅店,4.6,94,1.0101
599,望江门小龙虾(西湖店),拱墅区,餐饮服务;中餐厅;海鲜酒楼,4.6,94,1.0101
600,望江门小龙虾·烧烤(杭州总店),上城区,餐饮服务;中餐厅;中餐厅,4.6,95,1.0078
601,四灶儿·地道杭帮菜(鼓楼1店),上城区,餐饮服务;中餐厅;中餐厅,4.6,95,1.0078
602,玺炖·中国铁锅炖(亚奥万象天地店),萧山区,餐饮服务;中餐厅;中餐厅,4.6,95,1.0078
603,舞麦UMAI日本料理(中山北路店),拱墅区,餐饮服务;外国餐厅;日本料理,4.6,95,1.0078
604,八壶西餐·CLUB,萧山区,餐饮服务;餐饮相关场所;餐饮相关,4.6,95,1.0078
605,Moss苔藓·创意融合料理,富阳区,餐饮服务;中餐厅;中餐厅,4.6,95,1.0078
606,东北主烤官·老七龙虾(中豪五星国际店),上城区,餐饮服务;中餐厅;中餐厅,4.6,95,1.0078
607,撒椒川念餐厅(转江街店),西湖区,餐饮服务;中餐厅;四川菜(川菜),4.6,96,1.0055
608,竹村·烧鸟居酒屋(联合中心店),萧山区,餐饮服务;外国餐厅;日本料理,4.6,96,1.0055
609,马大虾小龙虾(余杭店)杭城十星级大排档,余杭区,餐饮服务;餐饮相关场所;餐饮相关,4.6,96,1.0055
610,戒指龙虾·小龙虾·烧烤(天城东路店),钱塘区,餐饮服务;餐饮相关场所;餐饮相关,4.6,96,1.0055
611,杭百味·湖景杭帮菜(西湖店),上城区,餐饮服务;中餐厅;浙江菜,4.6,97,1.0033
612,潮味鲜·鱼生虾生(黄姑山路店),西湖区,餐饮服务;中餐厅;中餐厅,4.6,97,1.0033
613,和家轩顺德菜(朝晖店),拱墅区,餐饮服务;中餐厅;中餐厅,4.6,97,1.0033
614,三两好友深夜食堂(萧山万象汇店),萧山区,餐饮服务;中餐厅;中餐厅,4.6,97,1.0033
615,舟舢海鲜小馆·舟山小海鲜(钱江新城店),上城区,餐饮服务;中餐厅;海鲜酒楼,4.6,98,1.0011
616,江南驿·二十余年创意杭帮味(运河店),拱墅区,餐饮服务;中餐厅;综合酒楼,4.6,98,1.0011
617,容桂婆·顺德排档(杭州首店),余杭区,餐饮服务;中餐厅;中餐厅,4.6,98,1.0011
618,沈厨臭鳜鱼·山野徽州土菜(高德置地店),上城区,餐饮服务;中餐厅;安徽菜(徽菜),4.6,98,1.0011
619,萍姐火锅(天阳·明珠商业中心店),上城区,餐饮服务;中餐厅;火锅店,4.6,98,1.0011
620,1987熬夜烧烤,上城区,餐饮服务;中餐厅;特色/地方风味餐厅,4.6,98,1.0011
621,Fun.d方地餐厅,拱墅区,餐饮服务;中餐厅;中餐厅,4.6,98,1.0011
622,马鸿兴·川小馆(杭州总店),上城区,餐饮服务;餐饮相关场所;餐饮相关,4.6,99,0.9989
623,渔湘记本地特色鱼头馆,淳安县,餐饮服务;中餐厅;中餐厅,4.6,99,0.9989
624,大川日本料理·深夜居酒屋(龙湖滨江天街),滨江区,餐饮服务;外国餐厅;日本料理,4.6,99,0.9989
625,大川日本料理·烧鸟居酒屋(萧山加州阳光店),萧山区,餐饮服务;外国餐厅;日本料理,4.6,99,0.9989
626,Patechin·窑炉披萨·西餐(杭州临平inPARK店),临平区,餐饮服务;外国餐厅;西餐厅(综合风味),4.6,99,0.9989
627,国滨家宴·新味萧山菜(滨江店),滨江区,餐饮服务;中餐厅;中餐厅,4.6,100,0.9967
628,薛飘飘火锅,滨江区,餐饮服务;中餐厅;火锅店,4.6,100,0.9967
629,滨寿司(龙湖滨江天街店),滨江区,餐饮服务;外国餐厅;日本料理,4.6,100,0.9967
630,俄士厨房(杭州城西银泰城店),拱墅区,餐饮服务;餐饮相关场所;餐饮相关,4.6,100,0.9967
631,台舟半岛·台州菜·小海鲜(临平店),临平区,餐饮服务;餐饮相关场所;餐饮相关,4.6,100,0.9967
632,昙花庵路(蜜雪冰城店),上城区,餐饮服务;冷饮店;冷饮店,4.5,7,2.164
633,瑞幸咖啡(迪凯国际店),上城区,餐饮服务;咖啡厅;咖啡厅,4.5,13,1.7052
634,弯湾·爱生活茶饮铺(金牛坊店),上城区,餐饮服务;冷饮店;冷饮店,4.5,13,1.7052
635,新丰小吃(太平门直街分店),上城区,餐饮服务;中餐厅;中餐厅,4.5,17,1.5569
636,新丰小吃(高银街分店),上城区,餐饮服务;快餐厅;快餐厅,4.5,18,1.5283
637,麦当劳(星耀中心店),滨江区,餐饮服务;快餐厅;麦当劳,4.5,20,1.4781
638,麦当劳(杭州三里亭),上城区,餐饮服务;快餐厅;麦当劳,4.5,20,1.4781
639,麦当劳(杭州莲荷里店),滨江区,餐饮服务;快餐厅;麦当劳,4.5,21,1.4558
640,刘记私房菜(七贤郡店),余杭区,餐饮服务;中餐厅;中餐厅,4.5,22,1.4352
641,一家咖啡(近江一园店),上城区,餐饮服务;咖啡厅;咖啡厅,4.5,23,1.416
642,麦当劳(下城区行政服务中心),拱墅区,餐饮服务;餐饮相关场所;餐饮相关,4.5,23,1.416
643,三毛烤鸡(景芳店),上城区,餐饮服务;餐饮相关场所;餐饮相关,4.5,24,1.398
644,Ora Coffee 杭州来福士店,上城区,餐饮服务;餐饮相关场所;餐饮相关,4.5,24,1.398
645,鸟鸟私房面(来福士臻选店),上城区,餐饮服务;中餐厅;中餐厅,4.5,25,1.3812
646,德克士(滨江儿保店),滨江区,餐饮服务;快餐厅;快餐厅,4.5,25,1.3812
647,麦当劳(保利中心店),上城区,餐饮服务;快餐厅;麦当劳,4.5,26,1.3654
648,麦当劳(杭州西湖东坡酒店店),上城区,餐饮服务;快餐厅;麦当劳,4.5,26,1.3654
649,肯德基(杭州之翼店),上城区,餐饮服务;快餐厅;肯德基,4.5,26,1.3654
650,麦当劳(杭州高德置地广场餐厅),上城区,餐饮服务;快餐厅;快餐厅,4.5,27,1.3505
651,汉堡王(杭州宁城大厦),萧山区,餐饮服务;快餐厅;快餐厅,4.5,27,1.3505
652,麦当劳(碧桂园·深蓝国际店),萧山区,餐饮服务;快餐厅;麦当劳,4.5,28,1.3364
653,老安徽砂锅(新民街店),临安区,餐饮服务;中餐厅;安徽菜(徽菜),4.5,28,1.3364
654,Tims咖啡(501城市广场店),上城区,餐饮服务;咖啡厅;咖啡厅,4.5,28,1.3364
655,朝山茶食,上城区,餐饮服务;餐饮相关场所;餐饮相关,4.5,28,1.3364
656,麦当劳(杭州庆春路第二餐厅),拱墅区,餐饮服务;快餐厅;麦当劳,4.5,28,1.3364
657,麦当劳(杭州萧山京港国际店),萧山区,餐饮服务;快餐厅;麦当劳,4.5,28,1.3364
658,麦当劳(朝晖餐厅),拱墅区,餐饮服务;快餐厅;麦当劳,4.5,28,1.3364
659,云屉记东北蒸饺菜馆,滨江区,餐饮服务;中餐厅;特色/地方风味餐厅,4.5,29,1.3231
660,M Stand(杭州大厦501城市广场POP UP店),上城区,餐饮服务;咖啡厅;咖啡厅,4.5,29,1.3231
661,麦当劳(杭州萧山平澜路餐厅),萧山区,餐饮服务;快餐厅;麦当劳,4.5,29,1.3231
662,云姐东北蒸饺菜馆,滨江区,餐饮服务;中餐厅;特色/地方风味餐厅,4.5,30,1.3104
663,星巴克咖啡(杭州优托邦时光1F2F),上城区,餐饮服务;咖啡厅;星巴克咖啡,4.5,30,1.3104
664,星巴克(迪凯银座店),上城区,餐饮服务;咖啡厅;星巴克咖啡,4.5,30,1.3104
665,星巴克臻选杭州万象城店,上城区,餐饮服务;咖啡厅;星巴克咖啡,4.5,30,1.3104
666,星巴克臻选(庆春银泰百货店),上城区,餐饮服务;咖啡厅;星巴克咖啡,4.5,30,1.3104
667,星巴克(中纺中心服装城店),上城区,餐饮服务;咖啡厅;星巴克咖啡,4.5,30,1.3104
668,中原一大碗(湖滨店),上城区,餐饮服务;快餐厅;快餐厅,4.5,30,1.3104
669,麦当劳(朝龙汇D+PARK店),萧山区,餐饮服务;快餐厅;麦当劳,4.5,30,1.3104
670,肯德基(杭州永安店),上城区,餐饮服务;快餐厅;肯德基,4.5,30,1.3104
671,麦当劳(映霞璟庭店),上城区,餐饮服务;快餐厅;麦当劳,4.5,31,1.2984
672,肯德基(天成店),上城区,餐饮服务;快餐厅;肯德基,4.5,31,1.2984
673,麦当劳(悦坊商场店),上城区,餐饮服务;餐饮相关场所;餐饮相关,4.5,32,1.287
674,麦当劳(杭州城投大厦店),上城区,餐饮服务;快餐厅;麦当劳,4.5,32,1.287
675,麦当劳(西湖文化广场店),拱墅区,餐饮服务;快餐厅;麦当劳,4.5,32,1.287
676,肯德基(中赢国际店),滨江区,餐饮服务;快餐厅;肯德基,4.5,32,1.287
677,肯德基(杭州复兴店),上城区,餐饮服务;快餐厅;肯德基,4.5,32,1.287
678,麦当劳(杭州拱墅区和平大厦),拱墅区,餐饮服务;快餐厅;麦当劳,4.5,32,1.287
679,肯德基(庆春店),拱墅区,餐饮服务;快餐厅;肯德基,4.5,33,1.2761
680,麦当劳(三花国际大厦店),上城区,餐饮服务;快餐厅;快餐厅,4.5,33,1.2761
681,肯德基(新塘世纪联华店),上城区,餐饮服务;快餐厅;肯德基,4.5,34,1.2657
682,山崎家Curry咖喱食堂(奥体银泰店),滨江区,餐饮服务;外国餐厅;日本料理,4.5,34,1.2657
683,麦当劳(钱江新城迪凯银座),上城区,餐饮服务;快餐厅;麦当劳,4.5,35,1.2557
684,酉今·台粤小食堂(RESIMPLE萧山万象汇店),萧山区,餐饮服务;中餐厅;中餐厅,4.5,35,1.2557
685,原香木桶饭川湘菜馆(萧山万象汇店),萧山区,餐饮服务;中餐厅;中餐厅,4.5,35,1.2557
686,舟山海鲜烧烤(杭州总店),上城区,餐饮服务;中餐厅;海鲜酒楼|餐饮服务;中餐厅;火锅店,4.5,35,1.2557
687,肯德基(星光店),滨江区,餐饮服务;快餐厅;肯德基,4.5,35,1.2557
688,肯德基(杭州武林服饰城店),拱墅区,餐饮服务;快餐厅;肯德基,4.5,35,1.2557
689,肯德基(杭州湖滨店),上城区,餐饮服务;快餐厅;肯德基,4.5,36,1.2462
690,皖北囍阿婆地锅鸡,临安区,餐饮服务;中餐厅;中餐厅,4.5,37,1.2371
691,王繁星面馆(杭州万象城店),上城区,餐饮服务;中餐厅;中餐厅,4.5,38,1.2283
692,顺德干蒸菜砂锅粥,萧山区,餐饮服务;中餐厅;中餐厅,4.5,38,1.2283
693,肯德基(杭州断桥店),西湖区,餐饮服务;快餐厅;肯德基,4.5,38,1.2283
694,故里百味药膳鸡(杭州总店),上城区,餐饮服务;中餐厅;中餐厅,4.5,39,1.2199
695,STAY COFFEE(月季公寓店),上城区,餐饮服务;咖啡厅;咖啡厅,4.5,39,1.2199
696,高粱屯东北铁锅炖,余杭区,餐饮服务;中餐厅;东北菜,4.5,40,1.2118
697,胖子烧烤(长明寺巷店),上城区,餐饮服务;中餐厅;特色/地方风味餐厅,4.5,41,1.204
698,born.coffee(三堡家园南区店),上城区,餐饮服务;咖啡厅;咖啡厅,4.5,42,1.1964
699,老阚东北铁锅炖(中茵大厦店),西湖区,餐饮服务;中餐厅;中餐厅,4.5,43,1.1892
700,兰湘子·湘菜小炒(杭州萧山银泰店),萧山区,餐饮服务;中餐厅;湖南菜(湘菜),4.5,44,1.1821
701,滋啦灶东北菜,萧山区,餐饮服务;中餐厅;中餐厅,4.5,45,1.1754
702,锅武林·地锅鸡·东北烧烤小酒馆(长龙路乐创城店),萧山区,餐饮服务;餐饮相关场所;餐饮相关,4.5,46,1.1688
703,萨莉亚意式餐厅(龙湖杭州西溪天街店),西湖区,餐饮服务;外国餐厅;意式菜品餐厅,4.5,46,1.1688
704,阿炳爆鳝面(清河坊历史文化特色街区店),上城区,餐饮服务;快餐厅;快餐厅,4.5,46,1.1688
705,必胜客(杭州解百店),上城区,餐饮服务;快餐厅;必胜客,4.5,46,1.1688
706,孔岳冒菜(高德置地店),上城区,餐饮服务;中餐厅;中餐厅,4.5,47,1.1624
707,湘先生米小姐(EFC LIVE欧美广场店),余杭区,餐饮服务;中餐厅;湖南菜(湘菜),4.5,47,1.1624
708,举炊·寻湘记·湖南菜(大象城店),西湖区,餐饮服务;中餐厅;中餐厅,4.5,47,1.1624
709,湘先生米小姐(杭州七堡花园城店),上城区,餐饮服务;中餐厅;湖南菜(湘菜),4.5,47,1.1624
710,如意餐馆(万向路店货真价实店),萧山区,餐饮服务;中餐厅;中餐厅,4.5,47,1.1624
711,小拜年锅包肉,上城区,餐饮服务;中餐厅;中餐厅,4.5,47,1.1624
712,彭兜兜.地道湖南土菜.烧烤.小龙虾(仓南里MEET636店),余杭区,餐饮服务;中餐厅;中餐厅,4.5,47,1.1624
713,% Arabica阿拉比卡咖啡(万象城店),上城区,餐饮服务;咖啡厅;咖啡厅,4.5,48,1.1563
714,糊妞靓姐顺德干蒸菜(美塘店),余杭区,餐饮服务;餐饮相关场所;餐饮相关,4.5,49,1.1503
715,湘先生米小姐湖南小炒(古墩路印象城店),西湖区,餐饮服务;中餐厅;湖南菜(湘菜),4.5,50,1.1445
716,年年不忘下饭菜(滨江宝龙店),滨江区,餐饮服务;中餐厅;中餐厅,4.5,50,1.1445
717,厨创东北大厨(杭州大厦501店),上城区,餐饮服务;中餐厅;中餐厅,4.5,50,1.1445
718,鱼生有饭·生鱼饭(杭州首店),拱墅区,餐饮服务;中餐厅;中餐厅,4.5,50,1.1445
719,皖宴地锅鸡·地锅鱼,临平区,餐饮服务;中餐厅;中餐厅,4.5,51,1.1389
720,裕莲茶楼(杭州万象城店),上城区,餐饮服务;餐饮相关场所;餐饮相关,4.5,51,1.1389
721,绿茶餐厅(杭州西湖文化广场店),拱墅区,餐饮服务;中餐厅;中餐厅,4.5,52,1.1334
722,湘先生米小姐(亲橙里购物中心店),余杭区,餐饮服务;中餐厅;湖南菜(湘菜),4.5,52,1.1334
723,老六小炒肉(杭州大悦城店),拱墅区,餐饮服务;餐饮相关场所;餐饮相关,4.5,52,1.1334
724,聚福阁东北铁锅炖(滨江开元广场店),滨江区,餐饮服务;中餐厅;东北菜,4.5,52,1.1334
725,皖宴地锅鸡(瑞聚大厦店),临平区,餐饮服务;中餐厅;中餐厅,4.5,53,1.1281
726,萨莉亚意式餐厅(国大城市广场店),拱墅区,餐饮服务;外国餐厅;意式菜品餐厅,4.5,53,1.1281
727,兄弟龙虾(广苑小区店),临安区,餐饮服务;中餐厅;中餐厅,4.5,53,1.1281
728,拉哥烧烤龙虾馆(沈塘桥店),拱墅区,餐饮服务;中餐厅;中餐厅,4.5,54,1.1229
729,小菜园新徽菜(杭州江干天虹店),上城区,餐饮服务;中餐厅;安徽菜(徽菜),4.5,55,1.1179
730,湘先生米小姐(EAC世贸丽晶城店),西湖区,餐饮服务;中餐厅;湖南菜(湘菜),4.5,55,1.1179
731,湘先生米小姐(临安人民广场店),临安区,餐饮服务;中餐厅;湖南菜(湘菜),4.5,55,1.1179
732,小菜园新徽菜(杭州上城龙湖店),上城区,餐饮服务;中餐厅;安徽菜(徽菜),4.5,55,1.1179
733,小菜园新徽菜(杭州滨江宝龙店),滨江区,餐饮服务;中餐厅;安徽菜(徽菜),4.5,55,1.1179
734,小菜园新徽菜(杭州余杭万达店),余杭区,餐饮服务;中餐厅;安徽菜(徽菜),4.5,55,1.1179
735,小菜园新徽菜(杭州萧山银隆百货店),萧山区,餐饮服务;中餐厅;中餐厅,4.5,55,1.1179
736,小菜园新徽菜(杭州钱塘永旺店),钱塘区,餐饮服务;中餐厅;中餐厅,4.5,55,1.1179
737,小菜园新徽菜(杭州滨江开元店),滨江区,餐饮服务;中餐厅;安徽菜(徽菜),4.5,55,1.1179
738,湘先生米小姐(滨江宝龙店),滨江区,餐饮服务;中餐厅;中餐厅,4.5,56,1.113
739,湖南人家私房菜馆(上尚城店),余杭区,餐饮服务;中餐厅;湖南菜(湘菜),4.5,56,1.113
740,东北大院(空港新天地店),萧山区,餐饮服务;中餐厅;中餐厅,4.5,56,1.113
741,厨创东北老家(新天地购物中心店),拱墅区,餐饮服务;中餐厅;东北菜,4.5,56,1.113
742,蛮涮自助小火锅·糖水铺子集合店(滨江银泰店),滨江区,餐饮服务;中餐厅;火锅店,4.5,57,1.1083
743,蛮涮自助小火锅·糖水铺子集合店(金沙印象城店),钱塘区,餐饮服务;中餐厅;火锅店,4.5,57,1.1083
744,蛮涮自助小火锅·糖水铺子集合店(杭州滨江天街店),滨江区,餐饮服务;中餐厅;火锅店,4.5,57,1.1083
745,蛮涮自助小火锅·糖水铺子集合店(滨江宝龙店),滨江区,餐饮服务;中餐厅;火锅店,4.5,57,1.1083
746,蛮涮自助小火锅·糖水铺子集合店(七堡花园城店),上城区,餐饮服务;中餐厅;火锅店,4.5,57,1.1083
747,蛮涮自助小火锅·糖水铺子集合店(杭州上城天街店),上城区,餐饮服务;中餐厅;火锅店,4.5,57,1.1083
748,星平鸡饭·粤菜小炒(来福士店),上城区,餐饮服务;中餐厅;中餐厅,4.5,58,1.1036
749,举炊·寻湘记·湖南菜(西子丁兰广场店),上城区,餐饮服务;中餐厅;湖南菜(湘菜),4.5,58,1.1036
750,叭嘴湘·湖南下饭菜(乐创城店),萧山区,餐饮服务;中餐厅;湖南菜(湘菜),4.5,58,1.1036
751,吉豚屋(杭州湖滨in77C3区店),上城区,餐饮服务;外国餐厅;日本料理,4.5,58,1.1036
752,必胜客(杭州转塘华润店),西湖区,餐饮服务;快餐厅;必胜客,4.5,58,1.1036
753,火龙堂·龙虾羊排烧烤精酿(文一路店),西湖区,餐饮服务;中餐厅;中餐厅,4.5,58,1.1036
754,星平鸡饭·粤菜小炒(杭州东站万象汇店),上城区,餐饮服务;中餐厅;广东菜(粤菜),4.5,59,1.0991
755,费大厨辣椒炒肉(杭州大悦城店),拱墅区,餐饮服务;中餐厅;中餐厅,4.5,59,1.0991
756,湘先生米小姐(金沙印象城店),钱塘区,餐饮服务;中餐厅;湖南菜(湘菜),4.5,59,1.0991
757,炉鱼(杭州湖滨88店),上城区,餐饮服务;中餐厅;中餐厅,4.5,60,1.0947
758,万州烤鱼烧烤龙虾炒菜,余杭区,餐饮服务;中餐厅;中餐厅,4.5,60,1.0947
759,黔家婆酸汤鲜牛肉火锅,上城区,餐饮服务;餐饮相关场所;餐饮相关,4.5,61,1.0903
760,溢湘堂湖南山里味(上亿彩虹郡店),余杭区,餐饮服务;中餐厅;湖南菜(湘菜),4.5,61,1.0903
761,大俺徽地锅鸡(东站祥生中心店),上城区,餐饮服务;中餐厅;火锅店,4.5,61,1.0903
762,厨创东北大厨(闲林埠店),余杭区,餐饮服务;中餐厅;东北菜,4.5,61,1.0903
763,吃过瘾小龙虾(下沙宝龙店),钱塘区,餐饮服务;中餐厅;中餐厅,4.5,61,1.0903
764,富红姐鱼头,富阳区,餐饮服务;中餐厅;中餐厅,4.5,62,1.0861
765,老吴家·老杭州菜·川菜(西湖湖滨店),上城区,餐饮服务;中餐厅;四川菜(川菜)|餐饮服务;中餐厅;浙江菜,4.5,63,1.082
766,鹊拾湘·现炒黄牛肉(新天地购物中心店),拱墅区,餐饮服务;中餐厅;湖南菜(湘菜),4.5,63,1.082
767,徽小馆,上城区,餐饮服务;中餐厅;中餐厅,4.5,63,1.082
768,博多天一天妇罗·牛排饭(滨江天街店),滨江区,餐饮服务;外国餐厅;外国餐厅,4.5,63,1.082
769,豪过瘾牛排自助餐厅(萧山开元广场店),萧山区,餐饮服务;外国餐厅;外国餐厅,4.5,63,1.082
770,必胜客(杭州滨江店),滨江区,餐饮服务;快餐厅;必胜客,4.5,63,1.082
771,杭小馆·创意杭帮菜,拱墅区,餐饮服务;中餐厅;中餐厅,4.5,64,1.078
772,江南忆·融合杭帮私房菜,西湖区,餐饮服务;中餐厅;中餐厅,4.5,64,1.078
773,鹊拾湘·金奖现炒黄牛肉(国芳天街店),上城区,餐饮服务;中餐厅;中餐厅,4.5,64,1.078
774,安徽菜馆(横塘6区南区店),上城区,餐饮服务;中餐厅;安徽菜(徽菜),4.5,64,1.078
775,一路吃·新杭州杭帮菜菜馆(音乐喷泉店),上城区,餐饮服务;中餐厅;四川菜(川菜)|餐饮服务;中餐厅;浙江菜,4.5,65,1.0741
776,绿茶餐厅(滨江龙湖店),滨江区,餐饮服务;中餐厅;浙江菜,4.5,65,1.0741
777,举炊·寻湘记·湖南菜(东站汇和城店),上城区,餐饮服务;中餐厅;中餐厅,4.5,65,1.0741
778,松花江上·东北小馆(莲荷里店),滨江区,餐饮服务;中餐厅;东北菜,4.5,65,1.0741
779,安徽地锅鸡(九堡家苑店),上城区,餐饮服务;中餐厅;安徽菜(徽菜),4.5,66,1.0702
780,杭州酒家(钱江新城市民中心店),上城区,餐饮服务;中餐厅;中餐厅,4.5,67,1.0665
781,厨创东北大厨(金沙印象城店),钱塘区,餐饮服务;餐饮相关场所;餐饮相关,4.5,67,1.0665
782,曹有钱串烧酒馆,上城区,餐饮服务;外国餐厅;日本料理,4.5,67,1.0665
783,绿茶餐厅(西投银泰城店),西湖区,餐饮服务;中餐厅;浙江菜,4.5,67,1.0665
784,東大方(杭州未来城一号店),余杭区,餐饮服务;中餐厅;中餐厅,4.5,68,1.0628
785,菲滋意式餐厅(拱墅新天地店),拱墅区,餐饮服务;外国餐厅;外国餐厅,4.5,68,1.0628
786,菲滋意式餐厅(萧山瓜沥七彩小镇店),萧山区,餐饮服务;外国餐厅;意式菜品餐厅,4.5,68,1.0628
787,菲滋意式餐厅(萧山加州阳光二店),萧山区,餐饮服务;外国餐厅;意式菜品餐厅,4.5,68,1.0628
788,菲滋意式餐厅(星光大道店),滨江区,餐饮服务;外国餐厅;意式菜品餐厅,4.5,68,1.0628
789,菲滋意式餐厅(杭州转塘奥莱金街店),西湖区,餐饮服务;外国餐厅;意式菜品餐厅,4.5,68,1.0628
790,菲滋意式餐厅(杭州古墩路印象城店),西湖区,餐饮服务;外国餐厅;意式菜品餐厅,4.5,68,1.0628
791,菲滋意式餐厅(杭州五福天虹店),上城区,餐饮服务;外国餐厅;意式菜品餐厅|餐饮服务;外国餐厅;西餐厅(综合风味),4.5,68,1.0628
792,菲滋意式餐厅(余杭万达店),余杭区,餐饮服务;外国餐厅;意式菜品餐厅,4.5,68,1.0628
793,大渔农特色烤鱼·烧烤·小龙虾(崇贤佳源名城店),临平区,餐饮服务;中餐厅;中餐厅,4.5,68,1.0628
794,四川老头烤鱼龙虾川菜馆(智格店),钱塘区,餐饮服务;中餐厅;特色/地方风味餐厅|餐饮服务;中餐厅;四川菜(川菜),4.5,68,1.0628
795,九龙大排档小龙虾烤鱼,西湖区,餐饮服务;中餐厅;中餐厅,4.5,69,1.0592
796,大牌大传统菜(湖滨店),上城区,餐饮服务;中餐厅;中餐厅,4.5,70,1.0557
797,巡湘记?乡野湖南菜(杭州湖滨in77店),上城区,餐饮服务;中餐厅;湖南菜(湘菜),4.5,70,1.0557
798,巡湘记?乡野湖南菜(龙湖杭州西溪天街店),西湖区,餐饮服务;中餐厅;湖南菜(湘菜),4.5,70,1.0557
799,巡湘记?乡野湖南菜(杭州奥体印象城店),萧山区,餐饮服务;中餐厅;湖南菜(湘菜),4.5,70,1.0557
800,巡湘记?乡野湖南菜(城北万象城店),余杭区,餐饮服务;中餐厅;湖南菜(湘菜),4.5,70,1.0557
801,厨创东北大厨(金帝T-ONE MO店),萧山区,餐饮服务;中餐厅;中餐厅,4.5,70,1.0557
802,浙皖饭店,建德市,餐饮服务;中餐厅;中餐厅,4.5,71,1.0522
803,厨创东北大厨(大悦城店),拱墅区,餐饮服务;中餐厅;中餐厅,4.5,71,1.0522
804,望湖小馆,上城区,餐饮服务;中餐厅;中餐厅,4.5,72,1.0488
805,天竺人家·杭州土菜(西湖灵隐寺13年老店),西湖区,餐饮服务;中餐厅;浙江菜,4.5,72,1.0488
806,蛙来哒(萧山银泰店),萧山区,餐饮服务;中餐厅;中餐厅,4.5,72,1.0488
807,东厢记乌猪小炒肉,上城区,餐饮服务;中餐厅;湖南菜(湘菜),4.5,72,1.0488
808,皖碗地锅鸡(万美商务中心店),西湖区,餐饮服务;中餐厅;中餐厅,4.5,72,1.0488
809,阿勇烧烤(凯旋路店),上城区,餐饮服务;中餐厅;特色/地方风味餐厅,4.5,72,1.0488
810,串王阿三烧烤·酒场·烤鱼(吴山广场江城路店),上城区,餐饮服务;中餐厅;中餐厅,4.5,72,1.0488
811,炉鱼(杭州天虹购物中心店),上城区,餐饮服务;中餐厅;中餐厅,4.5,73,1.0455
812,东北特色铁锅炖(青云桥店),富阳区,餐饮服务;中餐厅;中餐厅,4.5,73,1.0455
813,厨创东北大厨(亲橙里店),余杭区,餐饮服务;中餐厅;中餐厅,4.5,73,1.0455
814,胖子食府·衢州菜小龙虾烧烤(西湖店),拱墅区,餐饮服务;中餐厅;中餐厅,4.5,74,1.0423
815,正宗万州烤魚烧烤小龙虾,滨江区,餐饮服务;中餐厅;特色/地方风味餐厅|餐饮服务;中餐厅;四川菜(川菜),4.5,74,1.0423
816,鹊拾湘·金奖现炒黄牛肉(杭州来福士店),上城区,餐饮服务;中餐厅;湖南菜(湘菜),4.5,75,1.0391
817,巡湘记·乡野湖南菜(杭州金沙龙湖店),钱塘区,餐饮服务;中餐厅;湖南菜(湘菜),4.5,75,1.0391
818,浙皖楼饭店,淳安县,餐饮服务;中餐厅;中餐厅,4.5,75,1.0391
819,达美乐比萨(滨盛路店),滨江区,餐饮服务;快餐厅;快餐厅,4.5,75,1.0391
820,达美乐比萨(振兴西路店),临平区,餐饮服务;中餐厅;中餐厅,4.5,75,1.0391
821,达美乐比萨(天城路店),上城区,餐饮服务;快餐厅;快餐厅,4.5,75,1.0391
822,达美乐比萨(裕隆大厦店),萧山区,餐饮服务;快餐厅;快餐厅,4.5,75,1.0391
823,达美乐比萨(明石路德金中心店),上城区,餐饮服务;快餐厅;快餐厅,4.5,75,1.0391
824,办肆小馆徐州烧烤炒菜(莲荷里店),滨江区,餐饮服务;中餐厅;中餐厅,4.5,76,1.036
825,壹品轩·东坡家宴(西湖店),上城区,餐饮服务;中餐厅;中餐厅,4.5,77,1.0329
826,豪客来牛排(杭州天空之翼餐厅),上城区,餐饮服务;外国餐厅;牛扒店(扒房),4.5,77,1.0329
827,豪客来牛排(杭州天阳D32餐厅),拱墅区,餐饮服务;外国餐厅;牛扒店(扒房),4.5,77,1.0329
828,江南龙虾纸包鱼(滨江宝龙店),滨江区,餐饮服务;餐饮相关场所;餐饮相关,4.5,77,1.0329
829,财多多烧烤小排档·烧烤·小龙虾,萧山区,餐饮服务;餐饮相关场所;餐饮相关,4.5,78,1.0299
830,虞记小龙虾大闸蟹(育才路店),萧山区,餐饮服务;中餐厅;中餐厅,4.5,78,1.0299
831,姜胖胖韩式自助烤肉(庆春银泰店),上城区,餐饮服务;餐饮相关场所;餐饮相关,4.5,79,1.0269
832,杭百味·精选江浙菜(虎跑店),西湖区,餐饮服务;中餐厅;中餐厅,4.5,79,1.0269
833,厨创东北老家(信义坊),拱墅区,餐饮服务;中餐厅;东北菜,4.5,79,1.0269
834,缦云里花园餐厅(秦望水街店),富阳区,餐饮服务;外国餐厅;西餐厅(综合风味),4.5,79,1.0269
835,太二酸菜鱼(杭州万象城店),上城区,餐饮服务;中餐厅;火锅店,4.5,80,1.024
836,太二酸菜鱼(杭州东站万象汇店),上城区,餐饮服务;中餐厅;四川菜(川菜),4.5,80,1.024
837,太二酸菜鱼(杭州龙湖紫荆天街店),西湖区,餐饮服务;中餐厅;中餐厅,4.5,80,1.024
838,有牛在鲜潮汕牛肉火锅(城北招商花园城店),临平区,餐饮服务;中餐厅;火锅店,4.5,80,1.024
839,戒指龙虾·小龙虾·烧烤(天润中心店),萧山区,餐饮服务;中餐厅;特色/地方风味餐厅,4.5,80,1.024
840,戒指龙虾(大江东店),钱塘区,餐饮服务;中餐厅;中餐厅,4.5,80,1.024
841,老底子饭盒烤肉·东北菜·东北烧烤(原凤山路店),上城区,餐饮服务;外国餐厅;外国餐厅,4.5,81,1.0212
842,木屋烧烤(上城平安金融中心店),上城区,餐饮服务;中餐厅;特色/地方风味餐厅,4.5,82,1.0184
843,头牌·鹤岗烧烤东北菜(文三店),西湖区,餐饮服务;餐饮相关场所;餐饮相关,4.5,82,1.0184
844,厨创东北大厨(奥体印象城店),萧山区,餐饮服务;中餐厅;东北菜,4.5,83,1.0156
845,特色碳烤羊腿·龙虾,西湖区,餐饮服务;中餐厅;特色/地方风味餐厅,4.5,83,1.0156
846,小洋哥东北大油边儿-小龙虾(拱墅店),拱墅区,餐饮服务;中餐厅;中餐厅,4.5,83,1.0156
847,趣东北·烤肉火锅·放题自助(D32店),拱墅区,餐饮服务;中餐厅;中餐厅,4.5,84,1.0129
848,小两口大排挡,滨江区,餐饮服务;中餐厅;特色/地方风味餐厅,4.5,84,1.0129
849,豪尚豪牛排馆(凤起店),拱墅区,餐饮服务;外国餐厅;牛扒店(扒房),4.5,85,1.0102
850,泉水羊肉炉烧烤龙虾(西田城店),余杭区,餐饮服务;中餐厅;中餐厅,4.5,86,1.0076
851,小明家烤羊吧盱眙龙虾,滨江区,餐饮服务;中餐厅;火锅店,4.5,86,1.0076
852,狂野牛牛·岩烤牛排西餐厅(亚奥万象天地店),萧山区,餐饮服务;外国餐厅;西餐厅(综合风味),4.5,87,1.0051
853,肆野集·猛火菜·露营烧烤·啤酒,上城区,餐饮服务;餐饮相关场所;餐饮相关,4.5,88,1.0025
854,老城区烧烤小酒馆·小龙虾(西湖店),上城区,餐饮服务;中餐厅;中餐厅,4.5,90,0.9976
855,淳安县潮汕牛肉馆,淳安县,餐饮服务;中餐厅;中餐厅,4.5,91,0.9952
856,四灶儿·地道杭帮菜(鼓楼二店),上城区,餐饮服务;中餐厅;中餐厅,4.5,92,0.9928
857,西西梨Brunch&Lounge(杭州湖滨88店),上城区,餐饮服务;餐饮相关场所;餐饮相关,4.5,93,0.9905
858,阿婆·给鸟烧鸟暖锅煎饺(文二菜市店),西湖区,餐饮服务;餐饮相关场所;餐饮相关,4.5,96,0.9837
859,王市井龙虾·鲜货烧烤大排档(万塘汇店),西湖区,餐饮服务;中餐厅;海鲜酒楼,4.5,96,0.9837
860,泷川本铺(工联cc店),上城区,餐饮服务;餐饮相关场所;餐饮相关,4.5,97,0.9815
861,八合里潮汕鲜牛肉火锅(杭州湖滨in77E区店),上城区,餐饮服务;餐饮相关场所;餐饮相关,4.5,98,0.9793
862,洞庭3000里·乡野湖南菜,上城区,餐饮服务;餐饮相关场所;餐饮相关,4.5,98,0.9793
863,沈厨臭 鳜鱼·山野徽州土菜(阿里亲橙里店),余杭区,餐饮服务;中餐厅;中餐厅,4.5,98,0.9793
864,新疆一只羊烧烤(景秋公寓店),上城区,餐饮服务;中餐厅;中餐厅,4.5,98,0.9793
865,老四川平头酸菜鱼(衙前店),萧山区,餐饮服务;中餐厅;海鲜酒楼,4.5,99,0.9772
866,Muen慕恩艺术.生日.聚会餐厅,拱墅区,餐饮服务;外国餐厅;西餐厅(综合风味),4.5,99,0.9772
867,久旦·鲜串烧鸟(华家池店),上城区,餐饮服务;中餐厅;中餐厅,4.5,100,0.9751
868,三两好友深夜食堂富阳店·小龙虾·焗海鲜·烤乳猪,富阳区,餐饮服务;中餐厅;中餐厅,4.5,100,0.9751
