tag,count
双人餐,69
牛肉,56
鸡肉,38
薯条,21
单人餐,21
豆腐,18
家常菜,16
汉堡,16
酸菜鱼,15
龙虾,11
烤肉,11
下午茶,10
糖醋里脊,10
小炒黄牛肉,10
特色菜,10
奶油,9
年糕,9
杨枝甘露,8
小龙虾,8
拌饭,8
素菜,8
羊肉,7
鹅肝,7
羊肉串,7
虾仁,7
红烧肉,7
点心,6
鸡爪,5
锅包肉,5
鲍鱼,5
排骨,5
蔬菜沙拉,5
烤鸭,5
臭豆腐,5
东坡肉,5
寿司,5
堂食,5
脆皮大肠,5
鱼头,4
西湖醋鱼,4
刺身,4
三文鱼,4
烤串,4
烤鱼,4
炒饭,4
小酥肉,4
牛排,4
蘑菇,4
大排档,4
鸡汤,4
螃蟹,4
自助餐,4
葡式蛋挞,4
五花肉,4
柠檬,3
鸡翅,3
提拉米苏,3
芝士,3
麻婆豆腐,3
霸王别鸡,3
安徽臭桂鱼,3
海肠捞饭,3
糖醋排骨,3
火爆腰花,3
东北菜,3
剁椒鱼头,3
毛血旺,3
葱包烩,3
帝王蟹,3
牛肉饼,3
红糖麻糍,3
乳鸽,3
米粉,3
绍兴臭豆腐,3
爆款,3
大脆鸡扒麦满分组合,3
麦辣美味三件套,3
人气美味尽享套餐,3
家有金桶（汉堡版）,3
（2-3人餐）,3
辣椒炒肉,3
家有金桶（脆鸡版）,3
蟹肉,3
海苔岩烧大鸡腿饭,3
黄金鸡块,3
鸡米花,3
大肠,3
KFC芋缘花淇淋,3
麦辣鸡腿堡,3
板烧美味三件套,3
安格斯系列,3
巨无霸汉堡,3
麦当劳超值嗨餐,3
可乐鸡翅,3
原味板烧鸡腿麦满分组合,3
新奥尔良烤鸡腿堡,3
鸭肉,3
现磨咖啡,3
可乐,3
香辣鸡翅,3
肯大大鸡排,3
红豆派,3
小食拼盘,3
醇香土豆泥,3
伴柠伴桔鲜果茶,3
玉米沙拉,3
KFC老北京鸡肉卷,3
小火锅,3
龙井虾仁,3
虾爆鳝,3
KFC香辣（劲脆）鸡腿堡,3
芋缘花淇淋,3
吮指原味鸡,3
雪花肥牛,3
海鲜粉丝,2
招牌鸭血汤,2
脆皮叉烧,2
牛肉粉丝汤,2
鲜肉手工包,2
现切现炒黄牛肉,2
榴莲酥,2
香炸臭豆腐,2
加点五花肉,2
地锅排骨,2
特色小吃,2
石锅豆腐,2
拿破仑,2
披萨,2
肥肠,2
牛蛙,2
虾球,2
鸡加排骨锅,2
鸡加牛骨,2
地锅锡林格勒羊肉,2
大包,2
照烧风味牛肉土豆比萨,2
金尊鲍鱼扇贝比萨,2
拌面,2
经典大阪烧风味海陆比萨,2
金枪鱼海鲜荟萃比萨,2
经典意式肉酱比萨,2
果肉榴莲比萨,2
招牌地锅鸡,2
面包诱惑,2
蛋挞,2
馋嘴蛙,2
老鸭煲,2
干炸臭豆腐,2
小黄鱼,2
椒麻牛舌,2
牛舌,2
招牌豉油虾,2
陈年花雕醉湖蟹,2
北极贝,2
小笼包,2
萧山土三鲜,2
特色湖蟹煲,2
招牌菜,2
爆炒腰花,2
潮汕生腌小青龙,2
蟹黄,2
鸭头,2
鳕鱼杨梅虾球,2
炒螺蛳,2
杭州虾仁爆鳝拌川,2
文火谷饲牛肉配荷叶饼,2
小鸡炖蘑菇,2
花干（豆腐干）,2
小海鲜,2
居酒屋,2
猪肚筒骨鸡,2
番茄锅底,2
肥肠鸡,2
地锅鸡,2
铁锅炖大鹅,2
料理,2
千岛湖螺丝,2
老鹅锅,2
锡林格勒冰煮羊,2
北京烤鸭,2
香肠,2
烤鸡,2
沙蒜豆面,2
西湖牛肉羹,2
杭州酱鸭,2
生煎包,2
蛋炒饭,2
猪肉,2
土猪肉,2
三鲜煲,2
吊龙,2
茄子,2
芋泥,2
肉包,2
虾肉小笼包,2
麻辣烫,2
重庆辣子鸡,2
蒜香排骨,2
咸蛋黄南瓜,2
宋嫂鱼羹,2
酱萝卜,2
海鲜火锅,2
绣球菌,2
牛肉粒,2
长脚蟹,2
牛肉拼盘,2
馄饨,2
竹蛏王,2
兰花蚌,2
澳洲和牛,2
帝王蟹刺身,2
老虎斑刺身,2
深水虾,2
东星斑刺身,2
象牙蚌刺身,2
小馄饨,2
鱼香肉丝,2
火锅烧烤,2
辣椒炒猪肝,2
姥姥炒土鸡蛋,2
农家蒸腊味,2
三层楼火锅,2
生炒土猪肉,2
土菜,2
猪肚,2
尖椒炒笋干,2
黄豆焖鸡爪,2
青菜油豆腐火锅,2
红烧鳝段,2
龙门火锅,2
生炒茶油鸡,2
干炸响铃,2
卤鸭,2
杭三鲜,2
招牌卤鸭,2
钱江肉丝,2
酸汤肥牛,2
片儿川,2
酸辣苏格兰蓝龙,1
蝴蝶里虾饺皇,1
红米脆皮鲜虾肠粉,1
广式腊味煲仔饭,1
肠粉,1
重庆小面,1
宁波菜,1
黄油,1
火炙黄金螺,1
原味蒸蛏,1
香煎鲳鱼,1
酸菜望潮,1
和牛芝香挞,1
炸鲳鱼,1
樱花虾,1
小米辽参,1
冲浪西施舌,1
安格斯牛肉粒,1
金露雪蛤,1
溏心两头鲍,1
香煎带子,1
冒菜,1
风味牛舌,1
嫩肉,1
炸腐皮,1
鲜牛杂鸳鸯锅,1
农家柴火香干,1
现切现炒五花趾,1
手工脆笋炒腊肉,1
下饭鸡杂,1
湘味烤鸭,1
擂椒茄子皮蛋,1
高压锅虎皮凤爪（特辣）,1
湘式跳跳蛙,1
现切现炒吊龙,1
黄牛肉,1
酸菜炒肥肠,1
香辣大明虾,1
五常大米饭,1
砂锅花菜,1
铁板韭菜鱿鱼,1
老坛剁椒鱼头,1
潮汕牛肉片,1
牛肉春卷,1
箭笋片,1
肥胼,1
脚趾肉,1
双丸拼盘,1
匙皮肉,1
五花腱,1
薏米马蹄水,1
造里,1
吸物,1
老成都白切肉,1
老成都蒜泥白肉,1
西湖糖藕,1
辣椒小炒肉,1
青雪菜牛肉,1
黄豆闷茄夹,1
凉拌海带,1
下次还想吃油豉虾,1
第二代家常豆腐,1
孜然羊肉,1
铁板豆腐,1
秘制铁板鲈鱼,1
高山活水煮活鱼,1
咸蛋黄鸡翅,1
奥利奥草莓麦旋风,1
奥利奥原味麦旋风,1
墨西哥烧烤风味鸡腿堡,1
培根蛋麦煎饼配脆薯饼,1
双层阿拉斯加狭鳕鱼堡,1
原味板烧鸡腿麦满分配脆薯饼,1
优品豆浆,1
不素之霸双层牛肉堡,1
不素之霸双层牛肉堡精选套餐,1
甘味,1
御食,1
强肴,1
扬物,1
冷钵,1
主厨套餐,1
先付,1
辣汁花螺,1
贵妃龙虾泡饭,1
生腌小青龙,1
生醉膏蟹,1
山珍极品牛肉,1
葱油江白条,1
椰皇桂圆炖桃胶,1
波龙麻婆豆腐,1
拉菲樱桃鹅肝,1
三明治,1
肉饼,1
悠享早晨全餐配配鲜煮咖啡,1
开心乐园餐配小薯条,1
开心乐园餐,1
小食纷享盒,1
奶油坚果酱蛋牛堡,1
富贵芋头煲,1
天目神仙鸡汤,1
八宝海胆豆腐,1
招牌茶香排骨,1
脆皮青柠牛肉,1
大红袍卤鸭舌,1
肥牛,1
蜜汁叉烧,1
水果茶,1
巧克力,1
土豆泥,1
刺身拼盘,1
火腿,1
炙烤辣魔鬼牛排（果木炙烤）,1
熟成28天极佳级战斧,1
美国极佳级牛小排,1
熟成55天极佳级大里脊,1
宁波黄鱼年糕,1
脆皮卷饼肉,1
神仙鸡煲,1
秘制脆皮卷饼肉,1
梅干菜蒸江鳗,1
鲍鱼生炒竹林鸡,1
水煮刀口黄牛肉,1
梅坞茶香大虾,1
功夫牛肉生煎包,1
脆皮茶香乳鸽,1
京式葱爆羊肉,1
私房黄鱼年糕,1
gaga鲜果茶系列,1
肉酱意粉,1
精选Gaga牛肉沙拉,1
gaga超级沙拉,1
鲜果茶,1
套餐,1
首创现切杭椒牛肉拌川,1
虾爆鳝面,1
鲜牛肉,1
香菜牛肉拌川,1
首创现切杭椒牛肉,1
熟成45天极佳级小战斧,1
经典松露惠灵顿牛排,1
精品黑椒牛排,1
香辣活蛙,1
螺丝椒小炒肉,1
泡椒活蛙,1
奉天老式锅包肉,1
牛肉丸,1
丸子,1
老北京炸酱面,1
沙拉,1
果茶,1
意面,1
小资组合,1
Brunch系列,1
鳕鱼r,1
东阳沃面,1
东阳薄饼,1
泡菜肥牛,1
马家沟芹菜,1
豉汁蒸凤爪,1
芒果西米露,1
虾仁水晶饺,1
澳洲牛肉,1
黄鱼,1
沸腾麻婆豆腐,1
烧鸟,1
小锅米线,1
黑三剁,1
本帮面,1
铁板烧,1
大虾,1
油条虾仁,1
金华两头乌红烧肉,1
十五年陈皮烧甲鱼,1
鳝丝,1
果木烤鸭,1
松叶蟹,1
辣醉花螺,1
酱油炒饭,1
龙井焦糖炖蛋,1
石锅海胆老豆腐,1
黄鱼面,1
澳洲牛肉粒,1
三门膏蟹,1
桂花糖排,1
炸烹大花虾,1
捞派毛肚,1
招牌虾滑,1
京味宫爆虾球,1
江南酒香四宝,1
经典黄鱼焖年糕,1
香隐妃子笑,1
迷迭香鲥鱼,1
茄汁海苔豆腐,1
燕麦岩米鲍鱼盅,1
香隐醉膏蟹,1
虎跑泉水牛肉,1
鹅肝店头烧,1
定胜糕,1
湖南辣椒小炒肉,1
黄贡椒蒸白条,1
猪脑花,1
脱骨鸭掌,1
捞派捞面,1
网红调料,1
捞派鸭肠,1
血旺,1
番茄火锅,1
西瓜,1
鸭血,1
捞派黄喉,1
炸豆衣卷,1
捞派豆花,1
捞派巴沙鱼片,1
牛油麻辣锅底,1
捞派麻辣滑牛肉,1
精品肥牛,1
黑胶铁板牛仔骨,1
鲍鱼浓汤,1
黄酒蒸梭子蟹,1
澳龙三吃（刺身,1
白灼基围虾,1
蒜蓉龙虾,1
椒盐土豆牛仔骨,1
清蒸螃蟹,1
象拔蚌赤身,1
广式蒸多宝鱼,1
蒜蓉扇贝,1
虾蛄,1
川汤琵琶虾,1
优品牛肉丸,1
自选小料,1
海鲜炒粉干,1
椒盐皮皮虾,1
焦香蚕豆煲,1
油淋脆海鲜,1
鲳鱼烧年糕,1
东海一锅鲜,1
苔菜米馒头,1
高压锅生蚝,1
倒立梭子蟹,1
一品绝味黄鱼,1
盐水黄香螺,1
海鲜毛血旺,1
广式老虎斑,1
蒜蓉粉丝蒸波龙,1
小管烧年糕,1
特色地锅鸡,1
干豆角,1
蟹宝,1
牡丹虾,1
海胆,1
海螺,1
天妇罗,1
生蚝,1
海鲜大排档,1
东海三鲜,1
辣汁血蛤,1
石锅鲜椒雪花牛肉,1
咸菜炒麦穗鱿,1
花生牛乳冻,1
梅汁银雪鱼,1
脆炸鲜虾藕夹,1
安徽臭鳜鱼,1
大油边,1
浇汁肥牛,1
鸡腿肉,1
熟制牛舌,1
炭烧潮州薄壳小响螺,1
玻璃乳鸽,1
梅干菜饼,1
油浸虾籽罗氏虾,1
芭乐布丁,1
砂锅葱香炒鲍鱼,1
港式叉烧包,1
油卤鲍鱼,1
鱼香汁金沙参,1
潮式五香炸粿肉,1
卤水36月狮头老鹅头,1
招牌鲜果拿破仑,1
酸汤大鲍翅,1
十年花雕醉台山膏蟹,1
伊比利亚5J火腿,1
碳烧牛肋骨,1
宫廷鸽吞燕,1
东北大拌菜,1
松阪肉,1
赞比利黑猪五花肉,1
三味牛肋条,1
招牌传统牛肉,1
黄油面包,1
东北大冷面,1
招牌必点鲜羊肉,1
蒜香五花肉,1
酸菜,1
烧烤火锅,1
东北一锅出,1
无敌下酒菜,1
小铝盆烤肉,1
东北炸三样,1
压锅肘子,1
家常凉菜,1
东北大饭包,1
鲜羊肉,1
黑松露脆皮黄玉参,1
苏格兰竹蛏皇,1
红胡椒砂锅焗蟹,1
榄仁桂花阿拉斯加蟹,1
龙虾汤蒸松叶蟹,1
酱爆螺蛳,1
地衣,1
家烧鱼泡,1
手捏菜毛豆子,1
泡椒目鱼仔,1
铜盘杂鱼锅,1
干锅千页豆腐,1
咸肉小香菇,1
家乡蹄膀,1
腊肉莴笋干,1
锅仔里农夫鱼头,1
紫苏烧青鱼,1
特色炒粉丝,1
杂鱼特色烧,1
厚切猪五花,1
菠萝牛排,1
肥牛盖饭,1
石锅拌饭,1
馄饨老鸭煲,1
大闸蟹,1
汤品,1
手工虾滑,1
手撕叫花鸡,1
乌鸡鸡窝,1
本地鸡窝,1
土鸡鸡窝,1
绿茶烤鱼,1
火焰虾,1
花生沙冰,1
牛肉诱惑,1
绿茶烤肉合拼,1
鱼头诱惑,1
原始抓饭,1
手抓饭,1
羊腰串,1
瘦羊肉串,1
香辣猪蹄,1
香辣鸡爪,1
鸡爪串,1
牛肉筋,1
鸡翅中,1
自贡辣子鸡,1
炸鸡,1
澳洲谷饲安格斯菲力牛排,1
玫瑰雪蟹青虾通心粉,1
芝士茄盒小牛肉,1
烤虾芒果沙拉,1
澳洲和牛m5牛排,1
澳洲安格斯西冷牛排,1
西湖藕粉,1
烤羊肉串,1
农家茄子煲,1
南乳仔排,1
椒麻鸡,1
江南东坡鸡,1
老乡浓汤,1
招牌石锅沸腾饭,1
家烧老鹅,1
咸肉蒸春笋,1
毛蟹,1
干锅豇豆,1
芒果布丁,1
泰式飘香榴莲酥,1
芒果冻,1
东坡鸡,1
八宝油条,1
龙虾汤蒸阿拉斯加雪蟹,1
剁椒蒸长江鮰鱼,1
花生刨冰,1
名家虾饺,1
回锅肉,1
石锅牛蛙,1
蛋黄鸡翅,1
精品佛跳墙,1
虾爆鳝片,1
鱼鲜,1
酸汤鱼,1
北乡汤圆,1
天水豆腐,1
香酥脆卷,1
倒笃蒸梭子蟹,1
话梅花生,1
七星海鲈鱼,1
杂粮炖海参,1
蒜泥凤爪,1
鱼羊鲜,1
铁板茄子,1
一品开背虾,1
油条,1
铁锅炖,1
铁锅炖鱼,1
村头虫草大公鸡,1
熘肉段,1
蘸酱菜,1
红烧三道鳞,1
857农场铁锅炖大鹅,1
857农场炖大鹅,1
煎饼盒子,1
东北大拉皮,1
素食,1
酸辣粉丝,1
老鹅汤,1
鲜肉锅贴,1
安徽臭鱖鱼,1
山野鲍菇牛肉,1
山野薄荷牛肉,1
山野薄荷肋条,1
青花椒牛排,1
蒜香牛肉,1
静腌黑椒牛排,1
椒麻牛肋条,1
拌鸡皮,1
白牛百叶,1
酸菜牛肋条,1
青花椒猪舌,1
蒜香牛排,1
酸菜牛肉,1
澳洲原切M级和牛,1
阿根廷红虾,1
厚切小排肥牛,1
吃好喝好,1
头牌皇家豆腐,1
麻辣猪脑花,1
头牌老涮肚,1
烧烤撸,1
烤面包片,1
头牌鲜牛串,1
头牌鲜羊肉串,1
纯肉香肠,1
鲜切牛肉,1
单人自助,1
烤肉自助,1
山野原味牛肉,1
柠檬牛肉,1
黑椒牛肋条,1
大片雪花上脑,1
鱼头的诱惑,1
菜泡饭,1
湘湖石锅煮豆腐,1
油条虾,1
鲍鱼鱼翅羹,1
清蒸白条鱼,1
小牛骨粉丝,1
文火小牛肉,1
多宝鱼,1
钱江野生白条鱼,1
养生主厨拌色拉,1
拔丝菠萝油条,1
香茅咖喱煲大虾,1
椰子鸡,1
皮蛋瘦肉粥,1
鲜牛肉火锅,1
黑松露蛋白蒸龙虾,1
黑松露玻璃乳鸽,1
帝王蟹两仪,1
牛肉火锅,1
烧鹅,1
鹅肉,1
云南特色鲜花饼,1
紫苏锅底,1
云南野生菌菇锅底,1
香辣锅底,1
金汤酸菜锅底,1
原味鲜汤锅底,1
美蛙爱上鱼,1
黄牛肉火锅,1
胡辣汤,1
韩式石锅辣肥牛,1
酱鸭,1
呼伦贝尔羊肉串,1
河虾,1
小鸡炖蘑菇姑爷香掉魂儿,1
哈尔滨锅包肉,1
鱼头泡饼,1
小鸡炖蘑菇·姑爷香掉魂,1
农家大丰收·东北铁锅炖,1
杀猪菜·东北狠人的饮食崇拜,1
农村猪肉炖粉条,1
文火雪花牛小排,1
龙虾汤蒸帝王蟹,1
招牌瑶柱炖响螺,1
官燕锦鲤布丁,1
黄油蟹,1
鲍汁焖猪手,1
新加坡砂煲风味腊肠鸡肉比萨,1
意大利雪球芝士多肉多芝比萨,1
金尊猫山王榴莲多多比萨,1
芝士焗烤嫩汁三文鱼,1
嫩滋肋眼牛排,1
苏丹王榴莲多多给荔比萨,1
黑松露风味菌菇鸡肉比萨,1
美国风情土豆培根比萨,1
可可熔岩芝士流心卷边,1
英式惠灵顿菲力牛排比萨,1
香甜双虾菠萝比萨,1
麻糍,1
拿手菜,1
就是呼伦贝尔羊肉串,1
传统卤鸭,1
虎皮凤爪,1
黄金鱼豆腐,1
椒麻大虾,1
牛蛙煲,1
土豆,1
明虾煲,1
肉蟹煲,1
火山饼底,1
冬日暖饮,1
托斯卡纳风情芝浓三文鱼比萨,1
马德里风情牛腩大虾比萨,1
美式豪情牛肉培根菠萝比萨,1
苏丹王榴莲红毛丹比萨,1
可可火山饼底,1
西西里风情尊牛多多笋鲜比萨,1
南美肋眼牛排比萨,1
呼伦贝尔羔羊排,1
金鲷活造,1
紫苏鸡腿肉,1
蔬菜天妇罗,1
火焰和牛寿司,1
蟹黄捞饭,1
蟹粉豆腐,1
土鸡,1
蟹粉捞饭,1
徽菜,1
热饮,1
鸡翅煲,1
肉蟹煲加牛蛙,1
仔排煲,1
爽口泡菜,1
皮蛋豆腐,1
巴蜀牛蛙,1
老家红烧肉,1
牛杂,1
稻草鸭,1
毛笋干烧肉,1
烤羊排,1
千岛湖大鱼头,1
炒粉丝,1
鱼头工坊双椒,1
上汤螺丝,1
泡菜,1
凉面,1
豆花,1
盖饭,1
冰沙,1
麻辣拌,1
明太子西葫芦,1
渣渣牛肉锅,1
甜甜圈,1
铁锅炖大鹅4个贴饼,1
千豆角,1
脆皮乳鸽,1
三鲜猫耳朵,1
肉夹馍,1
串串,1
手工甜水面,1
单县羊肉汤,1
肥瘦肉夹馍不加青椒,1
面食,1
菜包,1
牛肉粉丝,1
肉末粉丝,1
强盗肉,1
灌汤包,1
牛肉汤,1
儿童餐,1
云南风味酸菜牛肉锅,1
香辣烤鱼,1
口水鸡,1
水煮鱼,1
海鲜盛宴,1
香辣小龙虾,1
干炒牛河,1
半筋半肉,1
川香牛杂煲,1
秘制牛杂煲,1
牛筋,1
牛杂拼盘,1
牛杂粉,1
骨头煲,1
干锅包心菜,1
仔排炒年糕,1
碎蒸鲈鱼,1
干锅有机花菜,1
铁板蛋毯日本豆腐,1
金牌玉米烙,1
糖排,1
三杯鸡,1
蛋黄焗南瓜,1
香烤鲈鱼,1
蛋黄鸡翅和蛋黄,1
葱香口水鸡,1
煎蛋,1
奶皮子,1
工作餐,1
麻薯,1
芋头,1
福建会馆佛跳墙,1
麻油姜母鸭煎南日鲍,1
佛跳墙,1
老妈回锅肉,1
干豆角炒土猪腊肉,1
自贡鲜锅兔,1
歌乐山辣子鸡,1
招牌麻麻鱼,1
尖椒鳝鱼,1
重庆尖椒鸡,1
杭州土三鲜汤,1
干锅花菜,1
江西小笋炒肉,1
铜盆花蛤,1
文火小牛肉蔬菜馍,1
油焖小龙虾,1
云雾龙井虾仁,1
宁都三杯鸡,1
脆皮麻香鸡,1
蒜蓉小龙虾,1
三味蒸大白条,1
带鱼,1
甜豆,1
桂花糖年糕,1
冬笋肉丝,1
千岛湖酱鱼头,1
青豆,1
叫花鸡,1
猪肚烧金花菜,1
花胶,1
馋嘴牛蛙,1
脆皮大肠头,1
鲍鱼烧猪脚,1
招牌干炸臭豆腐,1
富贵连连桂鱼捞粉,1
熟醉沼虾,1
酒酿馒头配红烧肉,1
四灶儿小炒王,1
云雾鸳鸯龙井虾仁,1
杭式葱包烩只,1
姜汁小龙虾,1
西湖牛肉鱼米羹,1
李白招牌烤鸭,1
沙蒜烧豆面,1
妙龄乳鸽,1
椒香鸡汁大白条,1
杨梅球,1
冰草,1
金汤翡翠虾滑,1
倒笃菜炒目鱼丝,1
亲嘴蛙,1
欢迎新老顾客进店体验,1
榴莲披萨,1
土耳其烤羊排配红酒汁佐时蔬,1
澳洲肉眼佐时蔬配红酒汁,1
流连忘返咖啡,1
古法扣澳洲大鲜鲍,1
私房菜,1
熟醉湖蟹（一只）,1
酒酿馒头红烧肉,1
石锅虾仁豆腐,1
生炒鸡,1
野生菌炖本鸡,1
梭子蟹,1
实心海参拌老虎菜,1
椒盐猪手,1
松子桂鱼,1
八宝鱼头,1
小管鲜鱿,1
臭豆腐煎毛豆,1
八宝酱丁,1
蜜汁小金瓜,1
蒜蓉开背虾,1
梅菜肉松扣花胶,1
大白条,1
油醋汁蒸松叶蟹,1
蛋黄翠叶,1
玻璃脆皮乳鸽,1
香煎牛舌,1
手切鲜羊肉,1
LA牛排,1
面汤,1
猪脚,1
野生菌,1
豆沙,1
三道菜,1
猪手鲍鱼,1
干菜蒸鳗鱼,1
海皇豆腐,1
水煮牛杂碎,1
霸王别姬,1
白切献鸡,1
海鲜捞豆面,1
捞汁花螺,1
肉末虾皮水蒸蛋,1
农家炒本鸡,1
土猪酱肉茭白蒸香干,1
波士顿龙虾（蒜蓉粉丝蒸）,1
农家小炒肉,1
凉拌牛腱,1
鱼子酱鲍鱼炖蛋,1
烤韭菜,1
蒜蓉烤生蚝,1
雪花牛肉粒,1
奥尔良烤翅,1
烤鸡珍,1
烤猪五花,1
秘制大片牛排,1
烤鳕鱼,1
烤豆角,1
葱油蛏子,1
沙田乳鸽,1
太湖蟹,1
尖椒毛豆笋干倒笃菜,1
碎蒸东星斑,1
口蘑菜心,1
温蟹,1
咸枪蟹,1
红烧杂鱼,1
雪菜蒸小黄鱼,1
本鸡煲,1
尖椒鲍鱼炒肉片,1
剁椒鸦片鱼头,1
凉拌东北木耳,1
五香牛腱（内蒙空运）,1
干炸带鱼,1
鲍鱼焖猪爪,1
清蒸青龙仔,1
干锅八爪鱼,1
加州象拔蚌,1
抱腌清蒸大白条（半条）,1
梭子蟹倒立蒸,1
酱香鸭舌,1
白切鸡,1
秘制河虾,1
红烧土猪肉夹饼,1
避风塘长脚蟹,1
葱油沙蛤,1
醉雪蛤,1
青龙仔麻辣豆腐,1
干煸鸭舌,1
黑松露鲍鱼牛筋,1
醉虾,1
牛杂毛血旺,1
干菜蒸江鳗,1
尖椒倒笃菜炒目鱼丝,1
鲍鱼扣饭,1
自制酱鸭（老鸭）,1
椒麻黄瓜,1
牡蛎煎蛋,1
蛋黄南瓜,1
鲍鱼佛跳墙（位上）,1
香辣牛蛙,1
清蒸野鸭,1
极品鲍鱼汤,1
海鲜炒米粉,1
椒盐海龙鱼,1
生炒甲鱼,1
高山竹林鸡,1
紫苏河杂鱼,1
鸿运当头,1
肉末龙须,1
蒜香烤虾,1
土烧鱼头,1
酒酿馒头,1
石磨豆腐,1
甲鱼脚圈,1
海花烧羮,1
鸡腰爆鳝段,1
沙蛤冬瓜汤,1
蒜蓉粉丝大扇贝,1
三文鱼刺身,1
基围虾,1
家烧田鸡（口感略硬）,1
炭烤鳗鱼,1
牛肋条,1
鲜切猪五花,1
东北锅包肉,1
炒粉干,1
常山将军鱼浓汤,1
田鸡爆炒,1
鸭头鸭掌拼盘,1
特色牛排骨,1
先进醉河虾,1
卤鸭翅,1
富春江老鸭煲,1
农家扣肉,1
紫苏螺丝,1
山椒牛蛙,1
富春老鸭煲,1
椒香口水鸡,1
爆炒辣子鸡,1
西湖醋鱼块,1
外婆大鱼头,1
蒜蓉蒸扇贝,1
珊瑚虾,1
外婆小牛肉,1
奶香青豆泥,1
龙井绿茶饼,1
外婆家红烧肉,1
外婆茶香鸡,1
撸串,1
老式锅包肉,1
葱花牛肉,1
特味四拼,1
爆辣拌冷面,1
肚包肉,1
炭烤羊排,1
手抓羊肉,1
清水全羊煲,1
新疆大盘鸡,1
炭烤羊腿,1
涮羊肉火锅,1
东北老式锅包肉,1
柠檬鱼,1
柠檬凤爪,1
张大厨烤鸭,1
酸萝卜炒鸡胗,1
俏江南口水鸡,1
俏江南毛血旺,1
水煮牛肉,1
水煮雪花牛肉,1
钱江源汤瓶鸡,1
酱爆螺丝,1
浓汤,1
羊汤,1
辣炒黄牛肉,1
辣炒螺蛳,1
无人区玫瑰,1
挺满一盘子的薯条,1
涮羊肉,1
红柳羊肉,1
羊蝎子火锅,1
秘制羊筒骨,1
麻酱毛肚,1
胡辣羊蹄,1
羊肉火锅,1
老北京羊蝎子火锅,1
钱江源山珍,1
老家白腊肉,1
大碗土猪肉,1
开化汽糕,1
苏庄炊粉肉,1
萝卜丝黄牛肉,1
马金豆腐干,1
开化青蛳,1
开化清水包头鱼,1
苏庄炊粉时蔬,1
芹江长者虾,1
钱江源强盗炒,1
开化清水鱼·白汤,1
桐村三层楼,1
农家土香肠,1
炭火泉水豆腐,1
雪菜笋黑鱼面,1
杭派片儿川,1
猪肝面,1
粥水浸蚌仔,1
卤水36个月老鹅头,1
笋干老鸭煲,1
杭州老鸭煲,1
杭州东坡肉,1
红烧土猪肉,1
红烧羊肉,1
老杭州卤鸭,1
神仙鸡鸡,1
蒜蓉粉丝蒸长脚蟹,1
醋溜家鱼头,1
创意菜,1
猪肚炒金花菜,1
猪肝茄汁拌川,1
特色虾爆鳝面,1
四季至尊一品煲,1
茶叶蛋,1
特色虾爆面,1
咸菜尖椒笋干肉丝面,1
爆鳝面,1
腰花面,1
番茄笋干虾干面,1
番茄汁拌川,1
虾爆鳝肉丝拌川,1
大肠面,1
猪肝肉丝拌川,1
腰花片儿川,1
特色虾腰片儿川,1
特色猪肚面,1
热卤猪蹄,1
生菜泡菜,1
五花肉（薄切）,1
鸡中翅,1
小花秘制牛肉,1
冰汤圆,1
重庆火锅,1
耙卤猪蹄,1
杨梅冰汤圆,1
鲜切吊龙,1
屠场鲜毛肚,1
无限量畅吃,1
纯正的京味儿,1
川味果香五花腊肉,1
臭鳜鱼,1
烤肉大串,1
秘制酱料,1
卤大肠,1
煎饺,1
招牌烤鸡,1
水煮肉片,1
老法三鲜锅,1
东坡香芋煲,1
虾和牛蛙的故事,1
老鸭馄饨煲,1
传统卤鹅,1
方师傅红烧肉,1
时令鲜甜豆,1
家烧东海小鲜,1
牛羊肉,1
长生不老,1
雪菜冬笋蘑菇肉片,1
